Elevation,Azimuth,Azimuth_Info
0,0,231.66188
0,1,232.66103
0,2,233.66061
0,3,234.66098
0,4,235.6616
0,5,236.6607
0,6,237.66234
0,7,238.66151
0,8,239.66066
0,9,240.66058
0,10,241.66129
0,11,242.66106
0,12,243.66148
0,13,244.66168
0,14,245.65988
0,15,246.66122
0,16,247.66159
0,17,248.66132
0,18,249.66177
0,19,250.66231
0,20,251.66185
0,21,252.66013
0,22,253.6601
0,23,254.66066
0,24,255.66162
0,25,256.66174
0,26,257.66153
0,27,258.66016
0,28,259.66125
0,29,260.66187
0,30,261.6604
0,31,262.66064
0,32,263.66165
0,33,264.66165
0,34,265.66116
0,35,266.66013
0,36,267.6605
0,37,268.66193
0,38,269.6607
0,39,270.66064
0,40,271.66113
0,41,272.66165
0,42,273.66077
0,43,274.6615
0,44,275.6609
0,45,276.6604
0,46,277.66147
0,47,278.6603
0,48,279.6615
0,49,280.6619
0,50,281.66208
0,51,282.65976
0,52,283.66156
0,53,284.66058
0,54,285.66135
0,55,286.66058
0,56,287.66113
0,57,288.6617
0,58,289.6621
0,59,290.65994
0,60,291.66132
0,61,292.66122
0,62,293.66025
0,63,294.66153
0,64,295.66162
0,65,296.66098
0,66,297.66174
0,67,298.66223
0,68,299.66226
0,69,300.66104
0,70,301.66278
0,71,302.66275
0,72,303.6617
0,73,304.6612
0,74,305.66064
0,75,306.66235
0,76,307.66107
0,77,308.66064
0,78,309.66168
0,79,310.66177
0,80,311.66125
0,81,312.66086
0,82,313.66135
0,83,314.6609
0,84,315.66147
0,85,316.66187
0,86,317.66147
0,87,318.66064
0,88,319.66113
0,89,320.66138
0,90,321.6609
0,91,322.661
0,92,323.66266
0,93,324.66098
0,94,325.66187
0,95,326.66037
0,96,327.66162
0,97,328.66083
0,98,329.66296
0,99,330.66104
0,100,331.66098
0,101,332.66162
0,102,333.66074
0,103,334.66058
0,104,335.66104
0,105,336.6623
0,106,337.66296
0,107,338.6621
0,108,339.66147
0,109,340.66058
0,110,341.66257
0,111,342.66122
0,112,343.6611
0,113,344.6607
0,114,345.66083
0,115,346.66214
0,116,347.66238
0,117,348.66122
0,118,349.66138
0,119,350.66278
0,120,351.66162
0,121,352.66125
0,122,353.66077
0,123,354.66144
0,124,355.6614
0,125,356.66235
0,126,357.6602
0,127,358.66086
0,128,359.66125
0,129,0.66203356
0,130,1.6623902
0,131,2.6631117
0,132,3.6622453
0,133,4.663128
0,134,5.6615424
0,135,6.662843
0,136,7.6623845
0,137,8.663921
0,138,9.662594
0,139,10.663057
0,140,11.664112
0,141,12.664018
0,142,13.662378
0,143,14.663036
0,144,15.661397
0,145,16.661518
0,146,17.662947
0,147,18.663122
0,148,19.663446
0,149,20.661453
0,150,21.662218
0,151,22.66311
0,152,23.66424
0,153,24.663244
0,154,25.663162
0,155,26.66325
0,156,27.661997
0,157,28.662268
0,158,29.66269
0,159,30.66354
0,160,31.662523
0,161,32.662247
0,162,33.66343
0,163,34.66298
0,164,35.662964
0,165,36.66157
0,166,37.663708
0,167,38.66266
0,168,39.66145
0,169,40.66305
0,170,41.662773
0,171,42.662594
0,172,43.663326
0,173,44.66409
0,174,45.6617
0,175,46.6643
0,176,47.664024
0,177,48.66229
0,178,49.662292
0,179,50.662262
0,180,51.66205
0,181,52.66288
0,182,53.66168
0,183,54.66284
0,184,55.663788
0,185,56.66319
0,186,57.662537
0,187,58.66359
0,188,59.663055
0,189,60.66306
0,190,61.66242
0,191,62.66299
0,192,63.663807
0,193,64.6623
0,194,65.6636
0,195,66.663025
0,196,67.662895
0,197,68.66286
0,198,69.66265
0,199,70.66356
0,200,71.66422
0,201,72.66437
0,202,73.66287
0,203,74.66153
0,204,75.66237
0,205,76.6632
0,206,77.66293
0,207,78.66364
0,208,79.66252
0,209,80.66331
0,210,81.66446
0,211,82.66331
0,212,83.662796
0,213,84.66273
0,214,85.66447
0,215,86.6624
0,216,87.663216
0,217,88.66235
0,218,89.664314
0,219,90.66251
0,220,91.662315
0,221,92.662575
0,222,93.663315
0,223,94.66258
0,224,95.66308
0,225,96.66276
0,226,97.66257
0,227,98.66257
0,228,99.662895
0,229,100.66265
0,230,101.66299
0,231,102.663574
0,232,103.66168
0,233,104.664474
0,234,105.66445
0,235,106.66251
0,236,107.66342
0,237,108.6635
0,238,109.66323
0,239,110.661736
0,240,111.663246
0,241,112.66318
0,242,113.662445
0,243,114.66285
0,244,115.66232
0,245,116.663826
0,246,117.66315
0,247,118.662636
0,248,119.66242
0,249,120.66377
0,250,121.66257
0,251,122.66298
0,252,123.662155
0,253,124.66234
0,254,125.66311
0,255,126.66298
0,256,127.6627
0,257,128.66264
0,258,129.66365
0,259,130.66185
0,260,131.66339
0,261,132.66283
0,262,133.66286
0,263,134.66348
0,264,135.66237
0,265,136.66353
0,266,137.663
0,267,138.66258
0,268,139.66397
0,269,140.66261
0,270,141.66441
0,271,142.66393
0,272,143.66457
0,273,144.66191
0,274,145.66464
0,275,146.66277
0,276,147.66306
0,277,148.66345
0,278,149.66214
0,279,150.66258
0,280,151.66245
0,281,152.66359
0,282,153.66383
0,283,154.66353
0,284,155.66423
0,285,156.66257
0,286,157.66309
0,287,158.66383
0,288,159.66315
0,289,160.66292
0,290,161.66428
0,291,162.66278
0,292,163.66388
0,293,164.6624
0,294,165.66212
0,295,166.66345
0,296,167.66293
0,297,168.66212
0,298,169.66301
0,299,170.66345
0,300,171.66385
0,301,172.66353
0,302,173.66342
0,303,174.6631
0,304,175.66335
0,305,176.6628
0,306,177.66373
0,307,178.66261
0,308,179.66356
0,309,180.66292
0,310,181.66376
0,311,182.66367
0,312,183.66324
0,313,184.66295
0,314,185.66322
0,315,186.66312
0,316,187.66313
0,317,188.66225
0,318,189.66376
0,319,190.66277
0,320,191.66252
0,321,192.66408
0,322,193.66286
0,323,194.66473
0,324,195.66348
0,325,196.66197
0,326,197.66333
0,327,198.66403
0,328,199.66309
0,329,200.6628
0,330,201.66324
0,331,202.66241
0,332,203.6619
0,333,204.66292
0,334,205.66228
0,335,206.66345
0,336,207.66241
0,337,208.66222
0,338,209.66191
0,339,210.66454
0,340,211.6627
0,341,212.66325
0,342,213.66325
0,343,214.66492
0,344,215.66345
0,345,216.66403
0,346,217.66273
0,347,218.66312
0,348,219.66393
0,349,220.66345
0,350,221.66269
0,351,222.66386
0,352,223.66345
0,353,224.66356
0,354,225.66414
0,355,226.6626
0,356,227.6637
0,357,228.66385
0,358,229.66417
0,359,230.6627
1,0,266.6491
1,1,267.64688
1,2,268.64868
1,3,269.6487
1,4,270.64703
1,5,271.64856
1,6,272.64792
1,7,273.64792
1,8,274.64883
1,9,275.64822
1,10,276.649
1,11,277.64893
1,12,278.6487
1,13,279.64893
1,14,280.649
1,15,281.6486
1,16,282.6469
1,17,283.64816
1,18,284.64835
1,19,285.6477
1,20,286.6482
1,21,287.64752
1,22,288.6485
1,23,289.6481
1,24,290.64835
1,25,291.64938
1,26,292.64883
1,27,293.64905
1,28,294.64877
1,29,295.64807
1,30,296.64825
1,31,297.6485
1,32,298.64984
1,33,299.64844
1,34,300.6488
1,35,301.64862
1,36,302.64758
1,37,303.6476
1,38,304.64795
1,39,305.64737
1,40,306.64798
1,41,307.6476
1,42,308.6485
1,43,309.64908
1,44,310.64874
1,45,311.6487
1,46,312.64874
1,47,313.64874
1,48,314.6491
1,49,315.64883
1,50,316.64795
1,51,317.64822
1,52,318.648
1,53,319.64978
1,54,320.6489
1,55,321.64856
1,56,322.64774
1,57,323.6479
1,58,324.64923
1,59,325.64932
1,60,326.6469
1,61,327.6484
1,62,328.64896
1,63,329.64944
1,64,330.6478
1,65,331.64853
1,66,332.64908
1,67,333.6483
1,68,334.64847
1,69,335.64825
1,70,336.6499
1,71,337.64807
1,72,338.64966
1,73,339.64716
1,74,340.6484
1,75,341.64737
1,76,342.64886
1,77,343.64883
1,78,344.64972
1,79,345.6482
1,80,346.64853
1,81,347.64728
1,82,348.64865
1,83,349.6477
1,84,350.64752
1,85,351.6474
1,86,352.6485
1,87,353.64838
1,88,354.64825
1,89,355.6488
1,90,356.6491
1,91,357.6478
1,92,358.64975
1,93,359.6489
1,94,0.64807534
1,95,1.649934
1,96,2.6500976
1,97,3.64892
1,98,4.648912
1,99,5.648185
1,100,6.6495714
1,101,7.6498747
1,102,8.648805
1,103,9.648947
1,104,10.648842
1,105,11.649241
1,106,12.650263
1,107,13.64974
1,108,14.64896
1,109,15.649671
1,110,16.650038
1,111,17.6484
1,112,18.648691
1,113,19.650003
1,114,20.649221
1,115,21.649965
1,116,22.650686
1,117,23.650034
1,118,24.649286
1,119,25.649998
1,120,26.649559
1,121,27.650206
1,122,28.648792
1,123,29.648281
1,124,30.64944
1,125,31.649862
1,126,32.650326
1,127,33.650234
1,128,34.6494
1,129,35.649746
1,130,36.650177
1,131,37.649235
1,132,38.648968
1,133,39.64966
1,134,40.649887
1,135,41.649868
1,136,42.649914
1,137,43.65103
1,138,44.650036
1,139,45.650337
1,140,46.650955
1,141,47.64954
1,142,48.65022
1,143,49.648632
1,144,50.649128
1,145,51.650257
1,146,52.649498
1,147,53.648384
1,148,54.650116
1,149,55.649208
1,150,56.649307
1,151,57.650005
1,152,58.650417
1,153,59.6503
1,154,60.650078
1,155,61.650993
1,156,62.65001
1,157,63.650494
1,158,64.6501
1,159,65.64964
1,160,66.649055
1,161,67.65004
1,162,68.64851
1,163,69.64938
1,164,70.649216
1,165,71.649536
1,166,72.64882
1,167,73.6491
1,168,74.65044
1,169,75.649765
1,170,76.6499
1,171,77.65039
1,172,78.64923
1,173,79.64898
1,174,80.6501
1,175,81.6493
1,176,82.64946
1,177,83.64941
1,178,84.650116
1,179,85.64949
1,180,86.65047
1,181,87.64999
1,182,88.64911
1,183,89.65031
1,184,90.650444
1,185,91.65099
1,186,92.64981
1,187,93.649254
1,188,94.64911
1,189,95.65022
1,190,96.649925
1,191,97.65041
1,192,98.64957
1,193,99.65001
1,194,100.65019
1,195,101.650475
1,196,102.64991
1,197,103.65043
1,198,104.650764
1,199,105.65124
1,200,106.65024
1,201,107.65063
1,202,108.651344
1,203,109.6496
1,204,110.65039
1,205,111.65083
1,206,112.6499
1,207,113.650055
1,208,114.64852
1,209,115.64954
1,210,116.649216
1,211,117.65047
1,212,118.64922
1,213,119.64951
1,214,120.64916
1,215,121.650215
1,216,122.65114
1,217,123.650604
1,218,124.65073
1,219,125.649635
1,220,126.64939
1,221,127.65012
1,222,128.64946
1,223,129.64868
1,224,130.65074
1,225,131.65071
1,226,132.65071
1,227,133.64935
1,228,134.6505
1,229,135.65045
1,230,136.6495
1,231,137.65002
1,232,138.65034
1,233,139.64919
1,234,140.65073
1,235,141.64935
1,236,142.64926
1,237,143.64935
1,238,144.65074
1,239,145.65004
1,240,146.64946
1,241,147.64911
1,242,148.65053
1,243,149.64952
1,244,150.64949
1,245,151.65094
1,246,152.64905
1,247,153.64952
1,248,154.64966
1,249,155.64972
1,250,156.6505
1,251,157.6493
1,252,158.64983
1,253,159.64983
1,254,160.65053
1,255,161.65002
1,256,162.6508
1,257,163.64989
1,258,164.65117
1,259,165.6505
1,260,166.65005
1,261,167.64944
1,262,168.65005
1,263,169.65028
1,264,170.65062
1,265,171.64948
1,266,172.65128
1,267,173.65118
1,268,174.64978
1,269,175.6504
1,270,176.6486
1,271,177.64941
1,272,178.6489
1,273,179.6508
1,274,180.64973
1,275,181.64963
1,276,182.6494
1,277,183.64941
1,278,184.64897
1,279,185.64871
1,280,186.64996
1,281,187.65034
1,282,188.65027
1,283,189.65028
1,284,190.65013
1,285,191.6507
1,286,192.6495
1,287,193.64961
1,288,194.65059
1,289,195.64957
1,290,196.64955
1,291,197.65045
1,292,198.65015
1,293,199.64973
1,294,200.6504
1,295,201.65079
1,296,202.65025
1,297,203.6515
1,298,204.65004
1,299,205.65067
1,300,206.65015
1,301,207.65062
1,302,208.65056
1,303,209.64925
1,304,210.6489
1,305,211.65071
1,306,212.64995
1,307,213.64948
1,308,214.64955
1,309,215.64958
1,310,216.65059
1,311,217.65111
1,312,218.64938
1,313,219.64955
1,314,220.6503
1,315,221.64998
1,316,222.64905
1,317,223.65016
1,318,224.6504
1,319,225.65062
1,320,226.64958
1,321,227.65065
1,322,228.64957
1,323,229.65065
1,324,230.65126
1,325,231.64995
1,326,232.64919
1,327,233.65085
1,328,234.64937
1,329,235.65086
1,330,236.65062
1,331,237.65167
1,332,238.65013
1,333,239.65128
1,334,240.65135
1,335,241.64873
1,336,242.6508
1,337,243.64989
1,338,244.65065
1,339,245.65135
1,340,246.65
1,341,247.65002
1,342,248.65007
1,343,249.65004
1,344,250.65054
1,345,251.64986
1,346,252.6503
1,347,253.64949
1,348,254.64952
1,349,255.65112
1,350,256.64886
1,351,257.6517
1,352,258.64963
1,353,259.6504
1,354,260.64987
1,355,261.651
1,356,262.6503
1,357,263.6501
1,358,264.65048
1,359,265.64975
2,0,302.6412
2,1,303.64075
2,2,304.63934
2,3,305.63947
2,4,306.6416
2,5,307.64108
2,6,308.64072
2,7,309.64096
2,8,310.6412
2,9,311.63995
2,10,312.64014
2,11,313.6394
2,12,314.6406
2,13,315.6396
2,14,316.64105
2,15,317.63907
2,16,318.64005
2,17,319.64014
2,18,320.64102
2,19,321.64053
2,20,322.64124
2,21,323.6401
2,22,324.6396
2,23,325.6406
2,24,326.64047
2,25,327.64032
2,26,328.64105
2,27,329.6413
2,28,330.64154
2,29,331.6413
2,30,332.64075
2,31,333.6413
2,32,334.6402
2,33,335.6398
2,34,336.63974
2,35,337.6391
2,36,338.64078
2,37,339.64062
2,38,340.6409
2,39,341.6404
2,40,342.6403
2,41,343.64218
2,42,344.64108
2,43,345.6409
2,44,346.6395
2,45,347.6414
2,46,348.63992
2,47,349.6406
2,48,350.6409
2,49,351.64072
2,50,352.6404
2,51,353.64093
2,52,354.64212
2,53,355.64203
2,54,356.64102
2,55,357.64017
2,56,358.6408
2,57,359.63962
2,58,0.6417668
2,59,1.6433573
2,60,2.6410103
2,61,3.6428797
2,62,4.6430864
2,63,5.6433034
2,64,6.642008
2,65,7.6421175
2,66,8.642828
2,67,9.642573
2,68,10.64248
2,69,11.641388
2,70,12.642517
2,71,13.643828
2,72,14.642544
2,73,15.642933
2,74,16.641132
2,75,17.642572
2,76,18.643219
2,77,19.641998
2,78,20.642775
2,79,21.64106
2,80,22.641417
2,81,23.643167
2,82,24.642399
2,83,25.6418
2,84,26.641834
2,85,27.642921
2,86,28.642624
2,87,29.644096
2,88,30.642994
2,89,31.643179
2,90,32.642376
2,91,33.64295
2,92,34.642498
2,93,35.642643
2,94,36.643192
2,95,37.643356
2,96,38.64309
2,97,39.64308
2,98,40.641937
2,99,41.64225
2,100,42.64313
2,101,43.641117
2,102,44.642235
2,103,45.642475
2,104,46.64226
2,105,47.6422
2,106,48.641197
2,107,49.64197
2,108,50.64267
2,109,51.642597
2,110,52.642235
2,111,53.642475
2,112,54.64122
2,113,55.642212
2,114,56.64332
2,115,57.642197
2,116,58.64384
2,117,59.642105
2,118,60.643063
2,119,61.64331
2,120,62.643658
2,121,63.642845
2,122,64.64298
2,123,65.64328
2,124,66.64375
2,125,67.64222
2,126,68.64416
2,127,69.642784
2,128,70.64157
2,129,71.64338
2,130,72.642426
2,131,73.64271
2,132,74.64172
2,133,75.64314
2,134,76.64297
2,135,77.64341
2,136,78.642136
2,137,79.64198
2,138,80.64152
2,139,81.64294
2,140,82.642624
2,141,83.64211
2,142,84.643684
2,143,85.64321
2,144,86.64233
2,145,87.643135
2,146,88.64237
2,147,89.642265
2,148,90.642494
2,149,91.64283
2,150,92.643234
2,151,93.64332
2,152,94.64212
2,153,95.64386
2,154,96.64293
2,155,97.641335
2,156,98.64217
2,157,99.64349
2,158,100.64367
2,159,101.642365
2,160,102.64301
2,161,103.64304
2,162,104.64219
2,163,105.64232
2,164,106.64344
2,165,107.6436
2,166,108.643486
2,167,109.64239
2,168,110.64299
2,169,111.64312
2,170,112.64264
2,171,113.64366
2,172,114.64325
2,173,115.642296
2,174,116.641846
2,175,117.64205
2,176,118.64337
2,177,119.64367
2,178,120.64241
2,179,121.642784
2,180,122.64243
2,181,123.642586
2,182,124.642166
2,183,125.64248
2,184,126.643974
2,185,127.64228
2,186,128.64346
2,187,129.6425
2,188,130.64343
2,189,131.64204
2,190,132.64336
2,191,133.64288
2,192,134.64223
2,193,135.64195
2,194,136.64207
2,195,137.64328
2,196,138.64299
2,197,139.6442
2,198,140.64247
2,199,141.6441
2,200,142.64316
2,201,143.64229
2,202,144.64297
2,203,145.64363
2,204,146.64272
2,205,147.64165
2,206,148.64305
2,207,149.64328
2,208,150.6417
2,209,151.64236
2,210,152.64261
2,211,153.6437
2,212,154.64343
2,213,155.64317
2,214,156.6425
2,215,157.6427
2,216,158.64146
2,217,159.64256
2,218,160.64345
2,219,161.64285
2,220,162.64307
2,221,163.64354
2,222,164.6433
2,223,165.64276
2,224,166.64323
2,225,167.6417
2,226,168.64294
2,227,169.64262
2,228,170.64429
2,229,171.64346
2,230,172.64261
2,231,173.64398
2,232,174.64317
2,233,175.64372
2,234,176.64297
2,235,177.64284
2,236,178.6435
2,237,179.64427
2,238,180.64291
2,239,181.64214
2,240,182.64375
2,241,183.6434
2,242,184.64226
2,243,185.64386
2,244,186.64284
2,245,187.64221
2,246,188.6442
2,247,189.64291
2,248,190.6437
2,249,191.64308
2,250,192.64319
2,251,193.64455
2,252,194.64256
2,253,195.64279
2,254,196.64272
2,255,197.64413
2,256,198.6427
2,257,199.64314
2,258,200.64384
2,259,201.6426
2,260,202.64255
2,261,203.64224
2,262,204.6435
2,263,205.64276
2,264,206.64244
2,265,207.64334
2,266,208.64192
2,267,209.64317
2,268,210.64201
2,269,211.64279
2,270,212.64328
2,271,213.64374
2,272,214.64459
2,273,215.64435
2,274,216.64227
2,275,217.64279
2,276,218.64192
2,277,219.64464
2,278,220.64175
2,279,221.64334
2,280,222.64247
2,281,223.64255
2,282,224.64307
2,283,225.64343
2,284,226.64276
2,285,227.64279
2,286,228.6424
2,287,229.64343
2,288,230.64258
2,289,231.6422
2,290,232.64279
2,291,233.64287
2,292,234.64363
2,293,235.64386
2,294,236.64345
2,295,237.64389
2,296,238.64328
2,297,239.64308
2,298,240.643
2,299,241.64201
2,300,242.6431
2,301,243.6428
2,302,244.64328
2,303,245.64168
2,304,246.64319
2,305,247.64252
2,306,248.64394
2,307,249.64307
2,308,250.64378
2,309,251.64328
2,310,252.64287
2,311,253.64284
2,312,254.64417
2,313,255.64394
2,314,256.6429
2,315,257.6439
2,316,258.64386
2,317,259.64346
2,318,260.64294
2,319,261.64365
2,320,262.64246
2,321,263.64227
2,322,264.64218
2,323,265.64267
2,324,266.6438
2,325,267.6432
2,326,268.64252
2,327,269.64294
2,328,270.64352
2,329,271.64423
2,330,272.64362
2,331,273.64343
2,332,274.64447
2,333,275.64273
2,334,276.64322
2,335,277.6437
2,336,278.64404
2,337,279.64236
2,338,280.64264
2,339,281.6419
2,340,282.64352
2,341,283.6433
2,342,284.6425
2,343,285.6433
2,344,286.64386
2,345,287.6446
2,346,288.6434
2,347,289.64252
2,348,290.64252
2,349,291.6442
2,350,292.6434
2,351,293.64276
2,352,294.6435
2,353,295.6431
2,354,296.6425
2,355,297.64352
2,356,298.643
2,357,299.64276
2,358,300.64316
2,359,301.6439
3,0,337.5653
3,1,338.56308
3,2,339.56378
3,3,340.5643
3,4,341.5644
3,5,342.56238
3,6,343.56512
3,7,344.5641
3,8,345.56363
3,9,346.5644
3,10,347.5633
3,11,348.5643
3,12,349.56485
3,13,350.56497
3,14,351.5639
3,15,352.56418
3,16,353.56393
3,17,354.56525
3,18,355.56342
3,19,356.56262
3,20,357.56332
3,21,358.5642
3,22,359.5626
3,23,0.5635321
3,24,1.5647578
3,25,2.5651896
3,26,3.5635936
3,27,4.5640793
3,28,5.5640173
3,29,6.5645027
3,30,7.5653315
3,31,8.564519
3,32,9.565422
3,33,10.563859
3,34,11.564291
3,35,12.565055
3,36,13.566034
3,37,14.56403
3,38,15.566082
3,39,16.56498
3,40,17.5651
3,41,18.564373
3,42,19.564236
3,43,20.565054
3,44,21.565186
3,45,22.565125
3,46,23.565351
3,47,24.564474
3,48,25.564402
3,49,26.565842
3,50,27.564547
3,51,28.564743
3,52,29.56539
3,53,30.564287
3,54,31.565716
3,55,32.56381
3,56,33.565464
3,57,34.565037
3,58,35.56384
3,59,36.563713
3,60,37.565098
3,61,38.564255
3,62,39.565865
3,63,40.563915
3,64,41.5647
3,65,42.564728
3,66,43.5662
3,67,44.564987
3,68,45.564552
3,69,46.564693
3,70,47.56487
3,71,48.56414
3,72,49.56469
3,73,50.564575
3,74,51.564514
3,75,52.564915
3,76,53.564304
3,77,54.56554
3,78,55.56535
3,79,56.56542
3,80,57.564777
3,81,58.564587
3,82,59.564705
3,83,60.56471
3,84,61.56409
3,85,62.565197
3,86,63.564545
3,87,64.56649
3,88,65.564644
3,89,66.566444
3,90,67.5652
3,91,68.56475
3,92,69.565056
3,93,70.56394
3,94,71.565
3,95,72.565155
3,96,73.56594
3,97,74.56542
3,98,75.565025
3,99,76.563644
3,100,77.56442
3,101,78.56439
3,102,79.56613
3,103,80.56469
3,104,81.56482
3,105,82.563705
3,106,83.565865
3,107,84.564415
3,108,85.56553
3,109,86.56487
3,110,87.56415
3,111,88.565025
3,112,89.564674
3,113,90.56447
3,114,91.56486
3,115,92.56472
3,116,93.56586
3,117,94.56575
3,118,95.56569
3,119,96.56589
3,120,97.56575
3,121,98.565636
3,122,99.564835
3,123,100.565674
3,124,101.5658
3,125,102.56574
3,126,103.56581
3,127,104.5643
3,128,105.5646
3,129,106.56479
3,130,107.566086
3,131,108.56467
3,132,109.565125
3,133,110.56591
3,134,111.563866
3,135,112.56401
3,136,113.56477
3,137,114.5652
3,138,115.56572
3,139,116.56495
3,140,117.5665
3,141,118.56559
3,142,119.56395
3,143,120.565125
3,144,121.56496
3,145,122.56609
3,146,123.56556
3,147,124.56603
3,148,125.56554
3,149,126.56485
3,150,127.56525
3,151,128.56602
3,152,129.56592
3,153,130.56447
3,154,131.56577
3,155,132.56622
3,156,133.56548
3,157,134.56525
3,158,135.56454
3,159,136.56496
3,160,137.56563
3,161,138.56424
3,162,139.5657
3,163,140.56398
3,164,141.56627
3,165,142.56497
3,166,143.56523
3,167,144.56583
3,168,145.56467
3,169,146.5662
3,170,147.56578
3,171,148.56583
3,172,149.5648
3,173,150.56516
3,174,151.56575
3,175,152.56467
3,176,153.56505
3,177,154.56544
3,178,155.56647
3,179,156.56487
3,180,157.56569
3,181,158.5659
3,182,159.56523
3,183,160.56528
3,184,161.56589
3,185,162.56596
3,186,163.56476
3,187,164.56436
3,188,165.5658
3,189,166.56557
3,190,167.56595
3,191,168.56525
3,192,169.56474
3,193,170.56522
3,194,171.56462
3,195,172.5647
3,196,173.5655
3,197,174.56451
3,198,175.56522
3,199,176.56522
3,200,177.5654
3,201,178.56612
3,202,179.56526
3,203,180.56563
3,204,181.5639
3,205,182.56477
3,206,183.56552
3,207,184.5664
3,208,185.56638
3,209,186.56602
3,210,187.56403
3,211,188.56506
3,212,189.5645
3,213,190.56546
3,214,191.56474
3,215,192.56503
3,216,193.56398
3,217,194.56459
3,218,195.56418
3,219,196.56506
3,220,197.56517
3,221,198.5653
3,222,199.56659
3,223,200.56595
3,224,201.56505
3,225,202.56471
3,226,203.5653
3,227,204.566
3,228,205.5664
3,229,206.56499
3,230,207.56549
3,231,208.56589
3,232,209.56546
3,233,210.56538
3,234,211.56604
3,235,212.56581
3,236,213.56673
3,237,214.56633
3,238,215.56601
3,239,216.56487
3,240,217.56618
3,241,218.56561
3,242,219.56525
3,243,220.56523
3,244,221.56589
3,245,222.56593
3,246,223.56506
3,247,224.5669
3,248,225.56708
3,249,226.56544
3,250,227.56503
3,251,228.56485
3,252,229.56563
3,253,230.56604
3,254,231.5655
3,255,232.5661
3,256,233.56558
3,257,234.56416
3,258,235.5663
3,259,236.56502
3,260,237.56502
3,261,238.5653
3,262,239.56581
3,263,240.56624
3,264,241.565
3,265,242.56549
3,266,243.56488
3,267,244.56429
3,268,245.56561
3,269,246.56567
3,270,247.56464
3,271,248.56584
3,272,249.56616
3,273,250.56615
3,274,251.565
3,275,252.56403
3,276,253.56657
3,277,254.56421
3,278,255.5659
3,279,256.56592
3,280,257.56567
3,281,258.5656
3,282,259.56586
3,283,260.56714
3,284,261.566
3,285,262.56635
3,286,263.56552
3,287,264.56577
3,288,265.56598
3,289,266.56445
3,290,267.56534
3,291,268.56583
3,292,269.56598
3,293,270.5657
3,294,271.56628
3,295,272.5641
3,296,273.56494
3,297,274.5661
3,298,275.5665
3,299,276.56638
3,300,277.56522
3,301,278.56506
3,302,279.56583
3,303,280.56534
3,304,281.5667
3,305,282.5656
3,306,283.5658
3,307,284.56573
3,308,285.56592
3,309,286.56458
3,310,287.56653
3,311,288.5652
3,312,289.56528
3,313,290.5659
3,314,291.56454
3,315,292.566
3,316,293.56595
3,317,294.5672
3,318,295.5666
3,319,296.56607
3,320,297.56537
3,321,298.5674
3,322,299.5652
3,323,300.5646
3,324,301.56555
3,325,302.5654
3,326,303.56604
3,327,304.5659
3,328,305.56488
3,329,306.56494
3,330,307.56613
3,331,308.56665
3,332,309.56625
3,333,310.56497
3,334,311.5654
3,335,312.5652
3,336,313.56567
3,337,314.56586
3,338,315.5654
3,339,316.56573
3,340,317.56555
3,341,318.56567
3,342,319.56763
3,343,320.56482
3,344,321.56628
3,345,322.56592
3,346,323.56558
3,347,324.5661
3,348,325.56506
3,349,326.56546
3,350,327.56604
3,351,328.5654
3,352,329.56625
3,353,330.56708
3,354,331.56628
3,355,332.56638
3,356,333.5655
3,357,334.5644
3,358,335.5646
3,359,336.56577
4,0,12.600149
4,1,13.599508
4,2,14.598427
4,3,15.600178
4,4,16.599442
4,5,17.598724
4,6,18.599617
4,7,19.599684
4,8,20.599258
4,9,21.597878
4,10,22.599327
4,11,23.598257
4,12,24.598957
4,13,25.599571
4,14,26.59952
4,15,27.599823
4,16,28.598646
4,17,29.599186
4,18,30.598501
4,19,31.598064
4,20,32.599556
4,21,33.599022
4,22,34.598843
4,23,35.599564
4,24,36.59856
4,25,37.59882
4,26,38.597458
4,27,39.59862
4,28,40.59753
4,29,41.59953
4,30,42.599358
4,31,43.59848
4,32,44.598495
4,33,45.59971
4,34,46.599625
4,35,47.59964
4,36,48.598343
4,37,49.599056
4,38,50.598125
4,39,51.599148
4,40,52.600277
4,41,53.597973
4,42,54.598606
4,43,55.59919
4,44,56.599533
4,45,57.59928
4,46,58.599712
4,47,59.598568
4,48,60.599117
4,49,61.59836
4,50,62.599216
4,51,63.599125
4,52,64.598526
4,53,65.59858
4,54,66.5998
4,55,67.59818
4,56,68.59844
4,57,69.599655
4,58,70.5978
4,59,71.59859
4,60,72.59949
4,61,73.59844
4,62,74.598305
4,63,75.59893
4,64,76.59858
4,65,77.598434
4,66,78.598335
4,67,79.59805
4,68,80.60017
4,69,81.598526
4,70,82.59839
4,71,83.59909
4,72,84.599304
4,73,85.5984
4,74,86.599594
4,75,87.59861
4,76,88.5985
4,77,89.599686
4,78,90.59928
4,79,91.59867
4,80,92.597694
4,81,93.599655
4,82,94.59949
4,83,95.59928
4,84,96.599846
4,85,97.599045
4,86,98.59799
4,87,99.59856
4,88,100.600006
4,89,101.5991
4,90,102.59847
4,91,103.59944
4,92,104.59848
4,93,105.5995
4,94,106.5999
4,95,107.59918
4,96,108.59856
4,97,109.59819
4,98,110.597855
4,99,111.59985
4,100,112.60007
4,101,113.59963
4,102,114.59981
4,103,115.598785
4,104,116.59883
4,105,117.598976
4,106,118.59857
4,107,119.59922
4,108,120.59909
4,109,121.59927
4,110,122.59957
4,111,123.59864
4,112,124.59983
4,113,125.59887
4,114,126.59826
4,115,127.59854
4,116,128.59767
4,117,129.6003
4,118,130.59798
4,119,131.59883
4,120,132.59935
4,121,133.59805
4,122,134.60007
4,123,135.59848
4,124,136.60039
4,125,137.59843
4,126,138.59984
4,127,139.59888
4,128,140.60054
4,129,141.6
4,130,142.59848
4,131,143.5981
4,132,144.59856
4,133,145.59789
4,134,146.59875
4,135,147.59955
4,136,148.59889
4,137,149.59877
4,138,150.59982
4,139,151.60051
4,140,152.59949
4,141,153.59933
4,142,154.59904
4,143,155.59949
4,144,156.59883
4,145,157.59839
4,146,158.59828
4,147,159.59962
4,148,160.59958
4,149,161.59933
4,150,162.59988
4,151,163.59924
4,152,164.5987
4,153,165.59882
4,154,166.59822
4,155,167.59895
4,156,168.59975
4,157,169.5994
4,158,170.59949
4,159,171.59981
4,160,172.59985
4,161,173.59924
4,162,174.5985
4,163,175.59969
4,164,176.5992
4,165,177.59863
4,166,178.59955
4,167,179.5997
4,168,180.59874
4,169,181.5985
4,170,182.59984
4,171,183.60028
4,172,184.59914
4,173,185.59937
4,174,186.5993
4,175,187.60039
4,176,188.59843
4,177,189.59883
4,178,190.59938
4,179,191.59882
4,180,192.59982
4,181,193.59914
4,182,194.59877
4,183,195.59796
4,184,196.5992
4,185,197.59874
4,186,198.60011
4,187,199.5989
4,188,200.59825
4,189,201.59987
4,190,202.59862
4,191,203.59938
4,192,204.6001
4,193,205.59827
4,194,206.59927
4,195,207.60004
4,196,208.59901
4,197,209.59944
4,198,210.59866
4,199,211.59944
4,200,212.59964
4,201,213.59904
4,202,214.59947
4,203,215.59894
4,204,216.59883
4,205,217.59949
4,206,218.59952
4,207,219.5998
4,208,220.60051
4,209,221.59898
4,210,222.59863
4,211,223.59871
4,212,224.59898
4,213,225.59966
4,214,226.60059
4,215,227.59837
4,216,228.59909
4,217,229.59947
4,218,230.60085
4,219,231.59929
4,220,232.59888
4,221,233.59909
4,222,234.60014
4,223,235.59969
4,224,236.59972
4,225,237.59879
4,226,238.60028
4,227,239.59879
4,228,240.59874
4,229,241.59978
4,230,242.59868
4,231,243.59943
4,232,244.59938
4,233,245.59909
4,234,246.59966
4,235,247.60005
4,236,248.59886
4,237,249.59898
4,238,250.59903
4,239,251.59923
4,240,252.59962
4,241,253.59879
4,242,254.59897
4,243,255.59982
4,244,256.59937
4,245,257.6006
4,246,258.59943
4,247,259.5985
4,248,260.59894
4,249,261.5999
4,250,262.59967
4,251,263.5993
4,252,264.59894
4,253,265.59903
4,254,266.59982
4,255,267.59995
4,256,268.6003
4,257,269.59982
4,258,270.60052
4,259,271.59915
4,260,272.5983
4,261,273.59976
4,262,274.5995
4,263,275.59967
4,264,276.60052
4,265,277.59937
4,266,278.59995
4,267,279.59955
4,268,280.59918
4,269,281.59836
4,270,282.59976
4,271,283.59995
4,272,284.5992
4,273,285.5982
4,274,286.59995
4,275,287.5991
4,276,288.60068
4,277,289.59906
4,278,290.59827
4,279,291.59964
4,280,292.60034
4,281,293.59967
4,282,294.59964
4,283,295.59912
4,284,296.59894
4,285,297.5998
4,286,298.5981
4,287,299.5984
4,288,300.5991
4,289,301.59866
4,290,302.60028
4,291,303.60013
4,292,304.5996
4,293,305.5998
4,294,306.6012
4,295,307.6002
4,296,308.60065
4,297,309.60034
4,298,310.59952
4,299,311.60052
4,300,312.60025
4,301,313.601
4,302,314.59998
4,303,315.59943
4,304,316.60034
4,305,317.59845
4,306,318.59885
4,307,319.6007
4,308,320.59906
4,309,321.59964
4,310,322.59973
4,311,323.59836
4,312,324.60068
4,313,325.5994
4,314,326.6001
4,315,327.59976
4,316,328.59976
4,317,329.60043
4,318,330.59912
4,319,331.59937
4,320,332.59863
4,321,333.6003
4,322,334.6
4,323,335.59857
4,324,336.59937
4,325,337.59918
4,326,338.60123
4,327,339.59988
4,328,340.59995
4,329,341.60068
4,330,342.60004
4,331,343.6004
4,332,344.59952
4,333,345.59995
4,334,346.5997
4,335,347.6003
4,336,348.601
4,337,349.60092
4,338,350.60028
4,339,351.6001
4,340,352.6
4,341,353.60034
4,342,354.5992
4,343,355.59903
4,344,356.59952
4,345,357.59924
4,346,358.60022
4,347,359.5995
4,348,0.5996561
4,349,1.6018689
4,350,2.6012385
4,351,3.6015952
4,352,4.600707
4,353,5.600281
4,354,6.6007338
4,355,7.601413
4,356,8.602391
4,357,9.601611
4,358,10.602246
4,359,11.600565
5,0,49.575752
5,1,50.575035
5,2,51.573685
5,3,52.574783
5,4,53.574894
5,5,54.575123
5,6,55.574417
5,7,56.575512
5,8,57.57606
5,9,58.57419
5,10,59.575092
5,11,60.5753
5,12,61.57467
5,13,62.57617
5,14,63.575058
5,15,64.57595
5,16,65.57538
5,17,66.57466
5,18,67.57603
5,19,68.57548
5,20,69.57455
5,21,70.57519
5,22,71.57538
5,23,72.57439
5,24,73.57441
5,25,74.57512
5,26,75.57538
5,27,76.57518
5,28,77.5748
5,29,78.57374
5,30,79.57453
5,31,80.57661
5,32,81.57525
5,33,82.574585
5,34,83.57622
5,35,84.57592
5,36,85.574615
5,37,86.57441
5,38,87.575264
5,39,88.57479
5,40,89.57462
5,41,90.57414
5,42,91.57538
5,43,92.57523
5,44,93.57557
5,45,94.57475
5,46,95.57511
5,47,96.57656
5,48,97.57603
5,49,98.57625
5,50,99.574
5,51,100.57532
5,52,101.57553
5,53,102.57425
5,54,103.57392
5,55,104.57565
5,56,105.57576
5,57,106.574646
5,58,107.57459
5,59,108.57535
5,60,109.57373
5,61,110.575066
5,62,111.57385
5,63,112.57635
5,64,113.57483
5,65,114.57558
5,66,115.574486
5,67,116.57484
5,68,117.57423
5,69,118.57645
5,70,119.5747
5,71,120.57537
5,72,121.5754
5,73,122.57545
5,74,123.575134
5,75,124.5759
5,76,125.57374
5,77,126.57521
5,78,127.57569
5,79,128.57497
5,80,129.57506
5,81,130.57513
5,82,131.57588
5,83,132.57465
5,84,133.5758
5,85,134.57503
5,86,135.57558
5,87,136.57507
5,88,137.575
5,89,138.57545
5,90,139.57526
5,91,140.57523
5,92,141.5747
5,93,142.57655
5,94,143.57533
5,95,144.57642
5,96,145.57614
5,97,146.576
5,98,147.57402
5,99,148.57481
5,100,149.57552
5,101,150.57527
5,102,151.57574
5,103,152.57481
5,104,153.57458
5,105,154.5761
5,106,155.57565
5,107,156.57463
5,108,157.57547
5,109,158.57494
5,110,159.57545
5,111,160.5751
5,112,161.57503
5,113,162.5759
5,114,163.57596
5,115,164.57529
5,116,165.57439
5,117,166.57603
5,118,167.57585
5,119,168.57495
5,120,169.57454
5,121,170.57545
5,122,171.57481
5,123,172.57558
5,124,173.57399
5,125,174.57487
5,126,175.57532
5,127,176.57556
5,128,177.57407
5,129,178.5748
5,130,179.57468
5,131,180.5765
5,132,181.57518
5,133,182.57584
5,134,183.5765
5,135,184.57434
5,136,185.57552
5,137,186.57472
5,138,187.57535
5,139,188.57466
5,140,189.57642
5,141,190.57666
5,142,191.57639
5,143,192.57533
5,144,193.57507
5,145,194.57594
5,146,195.5761
5,147,196.57573
5,148,197.5768
5,149,198.57614
5,150,199.57521
5,151,200.5757
5,152,201.5755
5,153,202.57465
5,154,203.57516
5,155,204.57483
5,156,205.57695
5,157,206.57501
5,158,207.57484
5,159,208.57524
5,160,209.57529
5,161,210.5758
5,162,211.5756
5,163,212.57593
5,164,213.57536
5,165,214.57582
5,166,215.57533
5,167,216.57555
5,168,217.57693
5,169,218.57521
5,170,219.57486
5,171,220.57503
5,172,221.57518
5,173,222.57605
5,174,223.57544
5,175,224.57405
5,176,225.57446
5,177,226.5769
5,178,227.57544
5,179,228.57669
5,180,229.57637
5,181,230.57472
5,182,231.57669
5,183,232.57597
5,184,233.57405
5,185,234.57616
5,186,235.57588
5,187,236.5752
5,188,237.57518
5,189,238.57478
5,190,239.57521
5,191,240.57564
5,192,241.57547
5,193,242.57495
5,194,243.57494
5,195,244.57541
5,196,245.57654
5,197,246.57425
5,198,247.57564
5,199,248.57619
5,200,249.57689
5,201,250.57616
5,202,251.5756
5,203,252.57602
5,204,253.57497
5,205,254.57576
5,206,255.57622
5,207,256.57455
5,208,257.57538
5,209,258.576
5,210,259.57452
5,211,260.57703
5,212,261.5761
5,213,262.57504
5,214,263.57657
5,215,264.57434
5,216,265.5752
5,217,266.57626
5,218,267.57452
5,219,268.5755
5,220,269.57547
5,221,270.5758
5,222,271.5753
5,223,272.5759
5,224,273.5766
5,225,274.5742
5,226,275.5754
5,227,276.57565
5,228,277.57642
5,229,278.57562
5,230,279.57693
5,231,280.577
5,232,281.5758
5,233,282.57523
5,234,283.57544
5,235,284.57547
5,236,285.5757
5,237,286.57513
5,238,287.5751
5,239,288.57672
5,240,289.57623
5,241,290.5749
5,242,291.5756
5,243,292.57578
5,244,293.57684
5,245,294.57422
5,246,295.5761
5,247,296.5745
5,248,297.5755
5,249,298.57654
5,250,299.5764
5,251,300.57657
5,252,301.5759
5,253,302.57507
5,254,303.57532
5,255,304.576
5,256,305.57544
5,257,306.57468
5,258,307.5756
5,259,308.5752
5,260,309.57632
5,261,310.57495
5,262,311.57605
5,263,312.5759
5,264,313.57434
5,265,314.57605
5,266,315.57578
5,267,316.57556
5,268,317.5761
5,269,318.5751
5,270,319.5758
5,271,320.57538
5,272,321.57544
5,273,322.5766
5,274,323.57516
5,275,324.5755
5,276,325.57703
5,277,326.57663
5,278,327.57462
5,279,328.5761
5,280,329.57553
5,281,330.57648
5,282,331.5748
5,283,332.57703
5,284,333.5758
5,285,334.57642
5,286,335.57706
5,287,336.57538
5,288,337.5763
5,289,338.57547
5,290,339.5746
5,291,340.57614
5,292,341.57648
5,293,342.5764
5,294,343.5757
5,295,344.57526
5,296,345.57593
5,297,346.57455
5,298,347.5771
5,299,348.57574
5,300,349.5751
5,301,350.57642
5,302,351.57703
5,303,352.5769
5,304,353.57446
5,305,354.57446
5,306,355.57645
5,307,356.57568
5,308,357.5756
5,309,358.5757
5,310,359.5759
5,311,0.5759883
5,312,1.5771496
5,313,2.5786006
5,314,3.5781634
5,315,4.5771685
5,316,5.577879
5,317,6.577227
5,318,7.578088
5,319,8.577951
5,320,9.577761
5,321,10.576787
5,322,11.576725
5,323,12.577554
5,324,13.577965
5,325,14.578804
5,326,15.576854
5,327,16.577253
5,328,17.577438
5,329,18.577055
5,330,19.576982
5,331,20.577822
5,332,21.578533
5,333,22.57623
5,334,23.578054
5,335,24.576845
5,336,25.577578
5,337,26.577934
5,338,27.577755
5,339,28.577038
5,340,29.57849
5,341,30.577784
5,342,31.577765
5,343,32.576447
5,344,33.577705
5,345,34.577267
5,346,35.577194
5,347,36.576897
5,348,37.577103
5,349,38.577
5,350,39.577057
5,351,40.576145
5,352,41.576954
5,353,42.576797
5,354,43.577583
5,355,44.57917
5,356,45.577156
5,357,46.576496
5,358,47.57817
5,359,48.577282
6,0,85.59751
6,1,86.597466
6,2,87.59639
6,3,88.59745
6,4,89.59639
6,5,90.59654
6,6,91.59785
6,7,92.59724
6,8,93.59762
6,9,94.59809
6,10,95.59823
6,11,96.5958
6,12,97.59651
6,13,98.598145
6,14,99.59647
6,15,100.59735
6,16,101.59697
6,17,102.59775
6,18,103.596535
6,19,104.59599
6,20,105.597046
6,21,106.59622
6,22,107.59666
6,23,108.59726
6,24,109.59739
6,25,110.59643
6,26,111.59642
6,27,112.595795
6,28,113.59734
6,29,114.59606
6,30,115.59647
6,31,116.59775
6,32,117.5957
6,33,118.59612
6,34,119.596565
6,35,120.59766
6,36,121.5966
6,37,122.59638
6,38,123.596596
6,39,124.596176
6,40,125.59703
6,41,126.59673
6,42,127.59706
6,43,128.59691
6,44,129.5975
6,45,130.59732
6,46,131.5977
6,47,132.59842
6,48,133.5963
6,49,134.59792
6,50,135.5973
6,51,136.5974
6,52,137.59653
6,53,138.59666
6,54,139.59718
6,55,140.5981
6,56,141.59727
6,57,142.59737
6,58,143.59712
6,59,144.5982
6,60,145.59793
6,61,146.59666
6,62,147.59758
6,63,148.59784
6,64,149.59648
6,65,150.59671
6,66,151.59659
6,67,152.59825
6,68,153.59625
6,69,154.5963
6,70,155.59741
6,71,156.59679
6,72,157.5982
6,73,158.59602
6,74,159.59747
6,75,160.59729
6,76,161.59784
6,77,162.59662
6,78,163.59631
6,79,164.59685
6,80,165.59648
6,81,166.59749
6,82,167.59642
6,83,168.59628
6,84,169.59691
6,85,170.5964
6,86,171.59645
6,87,172.59718
6,88,173.59618
6,89,174.59714
6,90,175.59587
6,91,176.59685
6,92,177.59763
6,93,178.59804
6,94,179.59702
6,95,180.5974
6,96,181.59688
6,97,182.59715
6,98,183.59721
6,99,184.5966
6,100,185.59717
6,101,186.59846
6,102,187.59589
6,103,188.59668
6,104,189.59651
6,105,190.59747
6,106,191.59724
6,107,192.59682
6,108,193.59659
6,109,194.59691
6,110,195.59778
6,111,196.59648
6,112,197.59723
6,113,198.59654
6,114,199.59811
6,115,200.59663
6,116,201.59676
6,117,202.5973
6,118,203.5972
6,119,204.59712
6,120,205.59831
6,121,206.59756
6,122,207.59666
6,123,208.59692
6,124,209.597
6,125,210.59808
6,126,211.59732
6,127,212.59718
6,128,213.59592
6,129,214.59769
6,130,215.5966
6,131,216.59598
6,132,217.59798
6,133,218.59755
6,134,219.59653
6,135,220.59761
6,136,221.59656
6,137,222.59784
6,138,223.59749
6,139,224.59709
6,140,225.59695
6,141,226.5972
6,142,227.59698
6,143,228.59637
6,144,229.597
6,145,230.59586
6,146,231.59712
6,147,232.59637
6,148,233.59747
6,149,234.59746
6,150,235.59758
6,151,236.59807
6,152,237.59674
6,153,238.59647
6,154,239.59691
6,155,240.59648
6,156,241.59656
6,157,242.59679
6,158,243.59726
6,159,244.59712
6,160,245.59776
6,161,246.59615
6,162,247.59773
6,163,248.59647
6,164,249.59695
6,165,250.59755
6,166,251.5985
6,167,252.59714
6,168,253.59846
6,169,254.5976
6,170,255.59671
6,171,256.5972
6,172,257.59763
6,173,258.59848
6,174,259.5975
6,175,260.5981
6,176,261.59665
6,177,262.5972
6,178,263.59702
6,179,264.59766
6,180,265.597
6,181,266.5968
6,182,267.59787
6,183,268.59683
6,184,269.59738
6,185,270.59634
6,186,271.59674
6,187,272.5972
6,188,273.5989
6,189,274.5972
6,190,275.5967
6,191,276.59662
6,192,277.5966
6,193,278.598
6,194,279.59857
6,195,280.59784
6,196,281.59827
6,197,282.59824
6,198,283.59805
6,199,284.5963
6,200,285.59586
6,201,286.59747
6,202,287.59573
6,203,288.59903
6,204,289.5961
6,205,290.59726
6,206,291.5968
6,207,292.5966
6,208,293.59692
6,209,294.5979
6,210,295.5967
6,211,296.59613
6,212,297.59683
6,213,298.59866
6,214,299.59756
6,215,300.59796
6,216,301.59766
6,217,302.59683
6,218,303.59723
6,219,304.5969
6,220,305.5966
6,221,306.59793
6,222,307.59796
6,223,308.59613
6,224,309.5975
6,225,310.59668
6,226,311.59753
6,227,312.59805
6,228,313.59882
6,229,314.59738
6,230,315.59717
6,231,316.59763
6,232,317.5975
6,233,318.597
6,234,319.59668
6,235,320.597
6,236,321.5976
6,237,322.5977
6,238,323.5976
6,239,324.59775
6,240,325.59747
6,241,326.598
6,242,327.59616
6,243,328.59616
6,244,329.5979
6,245,330.59814
6,246,331.59772
6,247,332.59695
6,248,333.59814
6,249,334.5974
6,250,335.5968
6,251,336.5973
6,252,337.59805
6,253,338.5974
6,254,339.59793
6,255,340.59717
6,256,341.59854
6,257,342.596
6,258,343.59863
6,259,344.59735
6,260,345.59732
6,261,346.59732
6,262,347.59857
6,263,348.59708
6,264,349.59796
6,265,350.59897
6,266,351.59766
6,267,352.59787
6,268,353.59827
6,269,354.59756
6,270,355.59708
6,271,356.5978
6,272,357.597
6,273,358.59692
6,274,359.59814
6,275,0.59758544
6,276,1.5985751
6,277,2.5987387
6,278,3.599782
6,279,4.5985184
6,280,5.598961
6,281,6.598159
6,282,7.598366
6,283,8.59824
6,284,9.59777
6,285,10.597139
6,286,11.597271
6,287,12.597531
6,288,13.597437
6,289,14.597054
6,290,15.598741
6,291,16.599613
6,292,17.598585
6,293,18.597805
6,294,19.597345
6,295,20.597874
6,296,21.598059
6,297,22.598469
6,298,23.59858
6,299,24.59901
6,300,25.59776
6,301,26.599028
6,302,27.598665
6,303,28.598475
6,304,29.597425
6,305,30.596989
6,306,31.59876
6,307,32.598183
6,308,33.5972
6,309,34.598618
6,310,35.599598
6,311,36.597347
6,312,37.59914
6,313,38.59953
6,314,39.59829
6,315,40.5996
6,316,41.59718
6,317,42.597717
6,318,43.59877
6,319,44.598957
6,320,45.598873
6,321,46.599262
6,322,47.599586
6,323,48.59855
6,324,49.598434
6,325,50.59777
6,326,51.597332
6,327,52.59891
6,328,53.597843
6,329,54.599895
6,330,55.59864
6,331,56.598324
6,332,57.59795
6,333,58.598457
6,334,59.598953
6,335,60.59904
6,336,61.59811
6,337,62.59879
6,338,63.5979
6,339,64.59859
6,340,65.597855
6,341,66.59824
6,342,67.598976
6,343,68.59875
6,344,69.59776
6,345,70.59807
6,346,71.59988
6,347,72.597336
6,348,73.59821
6,349,74.59824
6,350,75.59805
6,351,76.59816
6,352,77.59847
6,353,78.59839
6,354,79.599434
6,355,80.59792
6,356,81.60003
6,357,82.59786
6,358,83.59838
6,359,84.59873
7,0,121.60101
7,1,122.59952
7,2,123.59905
7,3,124.59956
7,4,125.600395
7,5,126.60016
7,6,127.60012
7,7,128.60016
7,8,129.59937
7,9,130.59952
7,10,131.60063
7,11,132.59915
7,12,133.60042
7,13,134.59955
7,14,135.60059
7,15,136.5991
7,16,137.60013
7,17,138.59929
7,18,139.59962
7,19,140.60022
7,20,141.60016
7,21,142.60129
7,22,143.59967
7,23,144.59938
7,24,145.60071
7,25,146.59935
7,26,147.60054
7,27,148.59885
7,28,149.59894
7,29,150.6006
7,30,151.59966
7,31,152.60019
7,32,153.60011
7,33,154.60016
7,34,155.59952
7,35,156.5999
7,36,157.599
7,37,158.60075
7,38,159.59985
7,39,160.60098
7,40,161.59987
7,41,162.59836
7,42,163.59996
7,43,164.59863
7,44,165.59915
7,45,166.59961
7,46,167.6003
7,47,168.59953
7,48,169.6
7,49,170.59933
7,50,171.59909
7,51,172.59999
7,52,173.5991
7,53,174.599
7,54,175.59933
7,55,176.60031
7,56,177.59912
7,57,178.6003
7,58,179.59917
7,59,180.5994
7,60,181.59946
7,61,182.5999
7,62,183.59944
7,63,184.59996
7,64,185.59995
7,65,186.60103
7,66,187.59901
7,67,188.59921
7,68,189.59904
7,69,190.60016
7,70,191.60042
7,71,192.59889
7,72,193.60103
7,73,194.59973
7,74,195.60107
7,75,196.59998
7,76,197.5998
7,77,198.60011
7,78,199.6003
7,79,200.59973
7,80,201.59843
7,81,202.60042
7,82,203.59938
7,83,204.60008
7,84,205.59972
7,85,206.5991
7,86,207.59845
7,87,208.59982
7,88,209.60013
7,89,210.60046
7,90,211.59988
7,91,212.59955
7,92,213.59993
7,93,214.60037
7,94,215.59987
7,95,216.60033
7,96,217.60022
7,97,218.59955
7,98,219.59846
7,99,220.59981
7,100,221.59967
7,101,222.60008
7,102,223.5994
7,103,224.59975
7,104,225.59955
7,105,226.59943
7,106,227.5998
7,107,228.59962
7,108,229.599
7,109,230.59921
7,110,231.59999
7,111,232.59988
7,112,233.60046
7,113,234.5984
7,114,235.59923
7,115,236.6004
7,116,237.60083
7,117,238.59985
7,118,239.60034
7,119,240.59941
7,120,241.5992
7,121,242.59998
7,122,243.60005
7,123,244.60115
7,124,245.60059
7,125,246.60017
7,126,247.59947
7,127,248.59927
7,128,249.59975
7,129,250.59947
7,130,251.60039
7,131,252.60057
7,132,253.60138
7,133,254.59927
7,134,255.59929
7,135,256.59924
7,136,257.60065
7,137,258.6005
7,138,259.6002
7,139,260.6007
7,140,261.60062
7,141,262.5988
7,142,263.59875
7,143,264.59995
7,144,265.6003
7,145,266.60144
7,146,267.59964
7,147,268.60083
7,148,269.60107
7,149,270.5995
7,150,271.59863
7,151,272.59943
7,152,273.59967
7,153,274.59985
7,154,275.59982
7,155,276.5999
7,156,277.59885
7,157,278.60056
7,158,279.59998
7,159,280.59998
7,160,281.60074
7,161,282.60028
7,162,283.6004
7,163,284.60013
7,164,285.60004
7,165,286.60083
7,166,287.5984
7,167,288.59967
7,168,289.5994
7,169,290.6004
7,170,291.5996
7,171,292.6
7,172,293.59988
7,173,294.6001
7,174,295.59872
7,175,296.59952
7,176,297.59982
7,177,298.59857
7,178,299.60046
7,179,300.59915
7,180,301.60034
7,181,302.60095
7,182,303.59958
7,183,304.5989
7,184,305.59918
7,185,306.59885
7,186,307.599
7,187,308.59854
7,188,309.59915
7,189,310.60037
7,190,311.60065
7,191,312.5997
7,192,313.59982
7,193,314.60004
7,194,315.60046
7,195,316.59998
7,196,317.6004
7,197,318.59866
7,198,319.60074
7,199,320.6006
7,200,321.59985
7,201,322.59915
7,202,323.60156
7,203,324.6005
7,204,325.6005
7,205,326.60052
7,206,327.59958
7,207,328.60025
7,208,329.59894
7,209,330.59888
7,210,331.5998
7,211,332.59964
7,212,333.6014
7,213,334.60095
7,214,335.6003
7,215,336.5998
7,216,337.6014
7,217,338.59875
7,218,339.60095
7,219,340.60123
7,220,341.5997
7,221,342.60083
7,222,343.6006
7,223,344.59955
7,224,345.6006
7,225,346.59998
7,226,347.6006
7,227,348.60065
7,228,349.60062
7,229,350.60007
7,230,351.6015
7,231,352.60083
7,232,353.6003
7,233,354.6006
7,234,355.60114
7,235,356.59998
7,236,357.60013
7,237,358.60028
7,238,359.60098
7,239,0.60105085
7,240,1.6022444
7,241,2.6013887
7,242,3.602829
7,243,4.6019306
7,244,5.60145
7,245,6.6020107
7,246,7.602721
7,247,8.602113
7,248,9.601493
7,249,10.601292
7,250,11.60329
7,251,12.601909
7,252,13.6024475
7,253,14.601785
7,254,15.601551
7,255,16.603088
7,256,17.602007
7,257,18.600582
7,258,19.601187
7,259,20.601233
7,260,21.601545
7,261,22.602
7,262,23.602484
7,263,24.602745
7,264,25.60188
7,265,26.602139
7,266,27.602463
7,267,28.601381
7,268,29.601418
7,269,30.602772
7,270,31.601444
7,271,32.60341
7,272,33.60208
7,273,34.601925
7,274,35.602505
7,275,36.60164
7,276,37.602554
7,277,38.601612
7,278,39.601475
7,279,40.603344
7,280,41.60179
7,281,42.602493
7,282,43.602364
7,283,44.60137
7,284,45.60136
7,285,46.601643
7,286,47.602333
7,287,48.601433
7,288,49.601116
7,289,50.601418
7,290,51.60154
7,291,52.60239
7,292,53.601974
7,293,54.60337
7,294,55.60055
7,295,56.602432
7,296,57.601578
7,297,58.60127
7,298,59.601303
7,299,60.602272
7,300,61.60166
7,301,62.602016
7,302,63.602867
7,303,64.60239
7,304,65.601814
7,305,66.60146
7,306,67.601456
7,307,68.602516
7,308,69.60182
7,309,70.602036
7,310,71.602425
7,311,72.60313
7,312,73.60127
7,313,74.602135
7,314,75.60167
7,315,76.60156
7,316,77.60177
7,317,78.60103
7,318,79.60197
7,319,80.60213
7,320,81.60119
7,321,82.601845
7,322,83.60141
7,323,84.60156
7,324,85.602936
7,325,86.602135
7,326,87.60099
7,327,88.60059
7,328,89.60195
7,329,90.60185
7,330,91.60274
7,331,92.601585
7,332,93.60177
7,333,94.60187
7,334,95.60231
7,335,96.60194
7,336,97.60241
7,337,98.60135
7,338,99.60251
7,339,100.60281
7,340,101.60188
7,341,102.60224
7,342,103.60347
7,343,104.602776
7,344,105.60137
7,345,106.60303
7,346,107.60171
7,347,108.6025
7,348,109.60159
7,349,110.601746
7,350,111.601654
7,351,112.60181
7,352,113.60157
7,353,114.602295
7,354,115.60158
7,355,116.60216
7,356,117.6024
7,357,118.60253
7,358,119.60103
7,359,120.60188
8,0,157.60048
8,1,158.60104
8,2,159.60022
8,3,160.59851
8,4,161.5995
8,5,162.59908
8,6,163.59985
8,7,164.59976
8,8,165.60011
8,9,166.59923
8,10,167.59946
8,11,168.60037
8,12,169.60065
8,13,170.59933
8,14,171.60054
8,15,172.60057
8,16,173.59879
8,17,174.59908
8,18,175.60004
8,19,176.59961
8,20,177.59982
8,21,178.60005
8,22,179.59955
8,23,180.59985
8,24,181.59941
8,25,182.5991
8,26,183.60008
8,27,184.59834
8,28,185.59985
8,29,186.59875
8,30,187.59875
8,31,188.6005
8,32,189.60011
8,33,190.60045
8,34,191.60051
8,35,192.6009
8,36,193.60054
8,37,194.5994
8,38,195.5988
8,39,196.5987
8,40,197.60022
8,41,198.59938
8,42,199.59991
8,43,200.60016
8,44,201.59991
8,45,202.59898
8,46,203.6006
8,47,204.60028
8,48,205.59982
8,49,206.59917
8,50,207.59937
8,51,208.6008
8,52,209.60014
8,53,210.60106
8,54,211.59984
8,55,212.59966
8,56,213.601
8,57,214.60075
8,58,215.60114
8,59,216.59941
8,60,217.59949
8,61,218.59937
8,62,219.60106
8,63,220.59888
8,64,221.59872
8,65,222.60138
8,66,223.60045
8,67,224.60068
8,68,225.59944
8,69,226.60046
8,70,227.59998
8,71,228.60004
8,72,229.60065
8,73,230.5999
8,74,231.5997
8,75,232.59978
8,76,233.59888
8,77,234.60077
8,78,235.60063
8,79,236.60028
8,80,237.59883
8,81,238.59885
8,82,239.59937
8,83,240.59879
8,84,241.60023
8,85,242.5994
8,86,243.59984
8,87,244.59892
8,88,245.59859
8,89,246.60101
8,90,247.59962
8,91,248.59895
8,92,249.59961
8,93,250.60077
8,94,251.5994
8,95,252.59937
8,96,253.60007
8,97,254.5987
8,98,255.60027
8,99,256.59946
8,100,257.59946
8,101,258.60077
8,102,259.59927
8,103,260.60074
8,104,261.60046
8,105,262.5997
8,106,263.601
8,107,264.59995
8,108,265.60022
8,109,266.60065
8,110,267.59982
8,111,268.6006
8,112,269.59915
8,113,270.6004
8,114,271.60025
8,115,272.59982
8,116,273.60083
8,117,274.59845
8,118,275.6002
8,119,276.6007
8,120,277.6012
8,121,278.6001
8,122,279.60086
8,123,280.599
8,124,281.59906
8,125,282.60065
8,126,283.59946
8,127,284.60028
8,128,285.60123
8,129,286.59976
8,130,287.59943
8,131,288.60062
8,132,289.5997
8,133,290.6
8,134,291.60037
8,135,292.60056
8,136,293.59955
8,137,294.60037
8,138,295.6006
8,139,296.59985
8,140,297.5988
8,141,298.60028
8,142,299.6011
8,143,300.59952
8,144,301.60025
8,145,302.6002
8,146,303.5996
8,147,304.60123
8,148,305.6007
8,149,306.60037
8,150,307.59964
8,151,308.60043
8,152,309.5996
8,153,310.59998
8,154,311.60114
8,155,312.59985
8,156,313.60034
8,157,314.5996
8,158,315.59958
8,159,316.60046
8,160,317.60007
8,161,318.599
8,162,319.5998
8,163,320.60095
8,164,321.5993
8,165,322.60022
8,166,323.60098
8,167,324.60013
8,168,325.60052
8,169,326.60022
8,170,327.6005
8,171,328.59982
8,172,329.59924
8,173,330.59918
8,174,331.6003
8,175,332.6014
8,176,333.59958
8,177,334.59943
8,178,335.5999
8,179,336.60095
8,180,337.59998
8,181,338.60037
8,182,339.6001
8,183,340.5997
8,184,341.60046
8,185,342.60028
8,186,343.6012
8,187,344.6009
8,188,345.60095
8,189,346.60016
8,190,347.5998
8,191,348.60007
8,192,349.60095
8,193,350.59976
8,194,351.6005
8,195,352.6006
8,196,353.60095
8,197,354.59973
8,198,355.60034
8,199,356.6011
8,200,357.60147
8,201,358.60037
8,202,359.60056
8,203,0.6002569
8,204,1.6006136
8,205,2.6002514
8,206,3.6001575
8,207,4.600997
8,208,5.599927
8,209,6.599597
8,210,7.600801
8,211,8.601297
8,212,9.601429
8,213,10.601206
8,214,11.6015835
8,215,12.601522
8,216,13.602297
8,217,14.6013775
8,218,15.600704
8,219,16.601007
8,220,17.600367
8,221,18.601612
8,222,19.600338
8,223,20.601458
8,224,21.60074
8,225,22.602074
8,226,23.599964
8,227,24.601147
8,228,25.599731
8,229,26.601559
8,230,27.600885
8,231,28.600449
8,232,29.601599
8,233,30.600798
8,234,31.600853
8,235,32.599934
8,236,33.600796
8,237,34.600067
8,238,35.601227
8,239,36.60213
8,240,37.601353
8,241,38.601696
8,242,39.60052
8,243,40.600834
8,244,41.60119
8,245,42.600357
8,246,43.601044
8,247,44.60077
8,248,45.600815
8,249,46.600067
8,250,47.601807
8,251,48.602283
8,252,49.601448
8,253,50.60056
8,254,51.601433
8,255,52.601746
8,256,53.601578
8,257,54.601482
8,258,55.601547
8,259,56.601704
8,260,57.601738
8,261,58.60175
8,262,59.600723
8,263,60.601658
8,264,61.60123
8,265,62.60133
8,266,63.6001
8,267,64.601715
8,268,65.601555
8,269,66.602036
8,270,67.60183
8,271,68.60053
8,272,69.60084
8,273,70.60148
8,274,71.600914
8,275,72.60075
8,276,73.60194
8,277,74.59983
8,278,75.60223
8,279,76.60054
8,280,77.601814
8,281,78.60176
8,282,79.600586
8,283,80.60143
8,284,81.60268
8,285,82.601944
8,286,83.60143
8,287,84.601074
8,288,85.601234
8,289,86.601295
8,290,87.60107
8,291,88.60016
8,292,89.60029
8,293,90.600876
8,294,91.60246
8,295,92.601074
8,296,93.59988
8,297,94.600945
8,298,95.601425
8,299,96.60038
8,300,97.60148
8,301,98.601006
8,302,99.60123
8,303,100.60097
8,304,101.60196
8,305,102.60127
8,306,103.60076
8,307,104.600746
8,308,105.601776
8,309,106.60127
8,310,107.60231
8,311,108.60089
8,312,109.60048
8,313,110.601555
8,314,111.59997
8,315,112.601
8,316,113.60132
8,317,114.601906
8,318,115.601524
8,319,116.60162
8,320,117.60255
8,321,118.60164
8,322,119.59996
8,323,120.60162
8,324,121.599884
8,325,122.6024
8,326,123.601654
8,327,124.6007
8,328,125.60036
8,329,126.60077
8,330,127.601944
8,331,128.60034
8,332,129.60182
8,333,130.60136
8,334,131.60207
8,335,132.60213
8,336,133.60187
8,337,134.59985
8,338,135.6012
8,339,136.6025
8,340,137.60086
8,341,138.60106
8,342,139.60178
8,343,140.60141
8,344,141.60097
8,345,142.60007
8,346,143.60196
8,347,144.6019
8,348,145.60135
8,349,146.60168
8,350,147.60072
8,351,148.6009
8,352,149.60086
8,353,150.6014
8,354,151.6018
8,355,152.60092
8,356,153.60066
8,357,154.60033
8,358,155.60278
8,359,156.60112
9,0,193.62526
9,1,194.62413
9,2,195.62424
9,3,196.62274
9,4,197.62227
9,5,198.62506
9,6,199.62456
9,7,200.62509
9,8,201.62418
9,9,202.62407
9,10,203.62346
9,11,204.62381
9,12,205.62398
9,13,206.62357
9,14,207.62363
9,15,208.62245
9,16,209.6224
9,17,210.62482
9,18,211.62392
9,19,212.6246
9,20,213.6237
9,21,214.6235
9,22,215.62375
9,23,216.62471
9,24,217.62404
9,25,218.62439
9,26,219.6244
9,27,220.62389
9,28,221.6237
9,29,222.62401
9,30,223.62386
9,31,224.62468
9,32,225.62352
9,33,226.62437
9,34,227.62445
9,35,228.62349
9,36,229.62398
9,37,230.62448
9,38,231.62401
9,39,232.62372
9,40,233.62437
9,41,234.62335
9,42,235.62357
9,43,236.62338
9,44,237.62314
9,45,238.623
9,46,239.62354
9,47,240.62498
9,48,241.62512
9,49,242.62376
9,50,243.62453
9,51,244.62332
9,52,245.62418
9,53,246.62483
9,54,247.62405
9,55,248.62381
9,56,249.62378
9,57,250.62367
9,58,251.62427
9,59,252.62392
9,60,253.62376
9,61,254.62515
9,62,255.6246
9,63,256.6238
9,64,257.62497
9,65,258.62335
9,66,259.62326
9,67,260.62335
9,68,261.6255
9,69,262.62476
9,70,263.62415
9,71,264.62418
9,72,265.62302
9,73,266.62433
9,74,267.6241
9,75,268.62463
9,76,269.62363
9,77,270.62408
9,78,271.62506
9,79,272.62424
9,80,273.62338
9,81,274.6242
9,82,275.6233
9,83,276.6235
9,84,277.6244
9,85,278.62393
9,86,279.6242
9,87,280.6227
9,88,281.62494
9,89,282.62393
9,90,283.62546
9,91,284.62292
9,92,285.625
9,93,286.62512
9,94,287.62457
9,95,288.62378
9,96,289.62418
9,97,290.6245
9,98,291.62445
9,99,292.62384
9,100,293.6241
9,101,294.62515
9,102,295.6234
9,103,296.62354
9,104,297.6253
9,105,298.62445
9,106,299.6239
9,107,300.62344
9,108,301.62384
9,109,302.62335
9,110,303.62265
9,111,304.6241
9,112,305.62546
9,113,306.6228
9,114,307.62524
9,115,308.62326
9,116,309.62427
9,117,310.62427
9,118,311.62527
9,119,312.62494
9,120,313.62375
9,121,314.6239
9,122,315.62308
9,123,316.62463
9,124,317.6239
9,125,318.6245
9,126,319.62473
9,127,320.62354
9,128,321.6243
9,129,322.6246
9,130,323.62408
9,131,324.62442
9,132,325.6244
9,133,326.62436
9,134,327.62302
9,135,328.62473
9,136,329.62286
9,137,330.6227
9,138,331.62292
9,139,332.6242
9,140,333.62387
9,141,334.62366
9,142,335.62454
9,143,336.6247
9,144,337.62357
9,145,338.62454
9,146,339.62445
9,147,340.62405
9,148,341.62375
9,149,342.62473
9,150,343.6249
9,151,344.623
9,152,345.62503
9,153,346.6235
9,154,347.6239
9,155,348.6238
9,156,349.62408
9,157,350.6245
9,158,351.6243
9,159,352.62366
9,160,353.62427
9,161,354.62283
9,162,355.62482
9,163,356.62415
9,164,357.62457
9,165,358.6234
9,166,359.62512
9,167,0.62485814
9,168,1.626792
9,169,2.626698
9,170,3.6242437
9,171,4.625094
9,172,5.625161
9,173,6.6247454
9,174,7.625649
9,175,8.6248255
9,176,9.626952
9,177,10.626601
9,178,11.626625
9,179,12.624342
9,180,13.625
9,181,14.625313
9,182,15.624704
9,183,16.625597
9,184,17.626202
9,185,18.624765
9,186,19.626078
9,187,20.625843
9,188,21.626694
9,189,22.624916
9,190,23.62625
9,191,24.624416
9,192,25.625814
9,193,26.62661
9,194,27.625507
9,195,28.62594
9,196,29.62591
9,197,30.624594
9,198,31.625605
9,199,32.624847
9,200,33.625008
9,201,34.62601
9,202,35.626
9,203,36.626896
9,204,37.62606
9,205,38.62468
9,206,39.626343
9,207,40.62565
9,208,41.624817
9,209,42.625206
9,210,43.626087
9,211,44.62714
9,212,45.62442
9,213,46.624687
9,214,47.625015
9,215,48.626133
9,216,49.62493
9,217,50.626587
9,218,51.62559
9,219,52.625916
9,220,53.625683
9,221,54.626007
9,222,55.62604
9,223,56.6254
9,224,57.626522
9,225,58.62558
9,226,59.625633
9,227,60.625122
9,228,61.625393
9,229,62.625954
9,230,63.62556
9,231,64.62538
9,232,65.62601
9,233,66.626144
9,234,67.625015
9,235,68.62612
9,236,69.62615
9,237,70.62646
9,238,71.62592
9,239,72.62647
9,240,73.62562
9,241,74.6255
9,242,75.62606
9,243,76.625496
9,244,77.625015
9,245,78.626434
9,246,79.62603
9,247,80.62554
9,248,81.62624
9,249,82.62476
9,250,83.625946
9,251,84.62615
9,252,85.62604
9,253,86.62532
9,254,87.626656
9,255,88.62441
9,256,89.62566
9,257,90.62594
9,258,91.62456
9,259,92.624176
9,260,93.62625
9,261,94.62592
9,262,95.626854
9,263,96.62574
9,264,97.625984
9,265,98.62548
9,266,99.62572
9,267,100.62611
9,268,101.625854
9,269,102.6253
9,270,103.625404
9,271,104.62547
9,272,105.626144
9,273,106.62577
9,274,107.625404
9,275,108.62572
9,276,109.62542
9,277,110.62579
9,278,111.62567
9,279,112.62491
9,280,113.62662
9,281,114.62533
9,282,115.62587
9,283,116.62552
9,284,117.62571
9,285,118.62528
9,286,119.62485
9,287,120.626205
9,288,121.625565
9,289,122.62596
9,290,123.62622
9,291,124.62515
9,292,125.62517
9,293,126.62607
9,294,127.62604
9,295,128.62514
9,296,129.62535
9,297,130.62508
9,298,131.62497
9,299,132.62549
9,300,133.6271
9,301,134.62468
9,302,135.62465
9,303,136.62685
9,304,137.62662
9,305,138.62581
9,306,139.62646
9,307,140.62576
9,308,141.62427
9,309,142.62637
9,310,143.6254
9,311,144.62701
9,312,145.62596
9,313,146.62576
9,314,147.6265
9,315,148.6269
9,316,149.62643
9,317,150.62543
9,318,151.62724
9,319,152.62473
9,320,153.62515
9,321,154.62563
9,322,155.62521
9,323,156.62466
9,324,157.62668
9,325,158.6259
9,326,159.62642
9,327,160.62561
9,328,161.62495
9,329,162.62581
9,330,163.62573
9,331,164.6257
9,332,165.62653
9,333,166.62614
9,334,167.6251
9,335,168.6268
9,336,169.62512
9,337,170.62645
9,338,171.62497
9,339,172.62663
9,340,173.62613
9,341,174.62712
9,342,175.62697
9,343,176.6266
9,344,177.62534
9,345,178.62653
9,346,179.62576
9,347,180.62718
9,348,181.62737
9,349,182.62627
9,350,183.6257
9,351,184.62605
9,352,185.62663
9,353,186.62633
9,354,187.62498
9,355,188.6267
9,356,189.62619
9,357,190.6261
9,358,191.6256
9,359,192.62561
