Elevation,Azimuth,Elevation_Info
0,0,0.30501008
0,1,0.30347586
0,2,0.3021884
0,3,0.30683398
0,4,0.30082583
0,5,0.30560017
0,6,0.3034973
0,7,0.30351877
0,8,0.3038621
0,9,0.30404449
0,10,0.30439854
0,11,0.3030467
0,12,0.3046453
0,13,0.30369043
0,14,0.30326128
0,15,0.30533195
0,16,0.30240297
0,17,0.305053
0,18,0.3037119
0,19,0.30389428
0,20,0.3034544
0,21,0.3043127
0,22,0.30381918
0,23,0.3039372
0,24,0.30447364
0,25,0.30328274
0,26,0.30425906
0,27,0.30404449
0,28,0.30381918
0,29,0.30451655
0,30,0.30381918
0,31,0.3040874
0,32,0.30385137
0,33,0.3041196
0,34,0.30389428
0,35,0.30399084
0,36,0.30402303
0,37,0.30341148
0,38,0.30454874
0,39,0.30376554
0,40,0.3043449
0,41,0.30372262
0,42,0.3042376
0,43,0.303272
0,44,0.30443072
0,45,0.30365825
0,46,0.30420542
0,47,0.30388355
0,48,0.30362606
0,49,0.30399084
0,50,0.30389428
0,51,0.30459166
0,52,0.3036046
0,53,0.30442
0,54,0.30317545
0,55,0.30470967
0,56,0.30318618
0,57,0.30492425
0,58,0.30303597
0,59,0.3043878
0,60,0.3033042
0,61,0.30421615
0,62,0.30391574
0,63,0.30422688
0,64,0.30388355
0,65,0.30381918
0,66,0.30387282
0,67,0.3039801
0,68,0.30418396
0,69,0.3039801
0,70,0.30404449
0,71,0.30369043
0,72,0.30361533
0,73,0.30370116
0,74,0.3042376
0,75,0.30420542
0,76,0.3039372
0,77,0.30409813
0,78,0.30355096
0,79,0.3040552
0,80,0.303905
0,81,0.30428052
0,82,0.30385137
0,83,0.3036797
0,84,0.30396938
0,85,0.3031969
0,86,0.30455947
0,87,0.30387282
0,88,0.3042376
0,89,0.30380845
0,90,0.30358315
0,91,0.30409813
0,92,0.30392647
0,93,0.3040874
0,94,0.3039801
0,95,0.30351877
0,96,0.303787
0,97,0.30385137
0,98,0.30417323
0,99,0.3041625
0,100,0.30392647
0,101,0.30413032
0,102,0.30332565
0,103,0.3044629
0,104,0.3038299
0,105,0.30404449
0,106,0.30417323
0,107,0.30340075
0,108,0.30372262
0,109,0.30409813
0,110,0.30387282
0,111,0.30421615
0,112,0.30379772
0,113,0.30385137
0,114,0.3041196
0,115,0.3038299
0,116,0.30432343
0,117,0.30421615
0,118,0.303154
0,119,0.30417323
0,120,0.30372262
0,121,0.30392647
0,122,0.3040874
0,123,0.30350804
0,124,0.3040123
0,125,0.3034222
0,126,0.30442
0,127,0.3034222
0,128,0.30503154
0,129,0.30277848
0,130,0.30469894
0,131,0.30303597
0,132,0.30465603
0,133,0.30333638
0,134,0.3047955
0,135,0.30308962
0,136,0.30406594
0,137,0.30418396
0,138,0.3031969
0,139,0.3052461
0,140,0.303154
0,141,0.3042698
0,142,0.30381918
0,143,0.30370116
0,144,0.30469894
0,145,0.30321836
0,146,0.3047204
0,147,0.30344367
0,148,0.3040874
0,149,0.3036046
0,150,0.3044629
0,151,0.30366898
0,152,0.30399084
0,153,0.3040123
0,154,0.30325055
0,155,0.30484915
0,156,0.30301452
0,157,0.30468822
0,158,0.30357242
0,159,0.30388355
0,160,0.3042698
0,161,0.30366898
0,162,0.3042376
0,163,0.3038299
0,164,0.30372262
0,165,0.30404449
0,166,0.30370116
0,167,0.30442
0,168,0.3038299
0,169,0.3039801
0,170,0.3039801
0,171,0.3033042
0,172,0.30466676
0,173,0.3033793
0,174,0.30463457
0,175,0.3035617
0,176,0.3041196
0,177,0.3035295
0,178,0.30418396
0,179,0.3040123
0,180,0.30365825
0,181,0.3043449
0,182,0.3030038
0,183,0.30469894
0,184,0.30351877
0,185,0.30444145
0,186,0.3041196
0,187,0.3035295
0,188,0.30436635
0,189,0.30365825
0,190,0.30404449
0,191,0.3038299
0,192,0.3039801
0,193,0.30355096
0,194,0.3042376
0,195,0.3037548
0,196,0.30433416
0,197,0.30380845
0,198,0.30433416
0,199,0.3035617
0,200,0.30417323
0,201,0.30361533
0,202,0.3041196
0,203,0.3039801
0,204,0.30361533
0,205,0.3040874
0,206,0.30365825
0,207,0.30417323
0,208,0.3040123
0,209,0.30447364
0,210,0.30362606
0,211,0.30422688
0,212,0.30365825
0,213,0.30381918
0,214,0.30436635
0,215,0.30335784
0,216,0.3041625
0,217,0.30357242
0,218,0.30389428
0,219,0.30429125
0,220,0.30388355
0,221,0.30425906
0,222,0.3036046
0,223,0.30417323
0,224,0.3035295
0,225,0.30439854
0,226,0.303905
0,227,0.30379772
0,228,0.3038621
0,229,0.3036368
0,230,0.3041196
0,231,0.3040123
0,232,0.30450583
0,233,0.30346513
0,234,0.3042376
0,235,0.30377626
0,236,0.30381918
0,237,0.30420542
0,238,0.30388355
0,239,0.30372262
0,240,0.30372262
0,241,0.30381918
0,242,0.30403376
0,243,0.3039801
0,244,0.3043878
0,245,0.3036046
0,246,0.3039372
0,247,0.30422688
0,248,0.30370116
0,249,0.30422688
0,250,0.30377626
0,251,0.30351877
0,252,0.30415177
0,253,0.30341148
0,254,0.30458093
0,255,0.30385137
0,256,0.3040123
0,257,0.3040123
0,258,0.30379772
0,259,0.3041625
0,260,0.30395865
0,261,0.30425906
0,262,0.30340075
0,263,0.30392647
0,264,0.3034973
0,265,0.3040123
0,266,0.3037548
0,267,0.30458093
0,268,0.30310035
0,269,0.30465603
0,270,0.30310035
0,271,0.30476332
0,272,0.3035617
0,273,0.3043878
0,274,0.30335784
0,275,0.30395865
0,276,0.3033471
0,277,0.30445218
0,278,0.30379772
0,279,0.30407667
0,280,0.30388355
0,281,0.30354023
0,282,0.30425906
0,283,0.3036046
0,284,0.3048706
0,285,0.30269265
0,286,0.30499935
0,287,0.3024888
0,288,0.30499935
0,289,0.303154
0,290,0.30455947
0,291,0.30336857
0,292,0.30404449
0,293,0.30388355
0,294,0.30409813
0,295,0.3043127
0,296,0.3035617
0,297,0.30435562
0,298,0.30284286
0,299,0.30463457
0,300,0.3033042
0,301,0.30460238
0,302,0.30336857
0,303,0.30422688
0,304,0.30354023
0,305,0.30418396
0,306,0.30409813
0,307,0.30403376
0,308,0.30392647
0,309,0.30377626
0,310,0.30396938
0,311,0.3035617
0,312,0.30429125
0,313,0.30347586
0,314,0.3044951
0,315,0.30333638
0,316,0.30435562
0,317,0.30387282
0,318,0.30421615
0,319,0.30402303
0,320,0.30396938
0,321,0.30365825
0,322,0.30387282
0,323,0.30415177
0,324,0.30350804
0,325,0.30458093
0,326,0.30336857
0,327,0.30414104
0,328,0.30407667
0,329,0.30377626
0,330,0.30445218
0,331,0.3034866
0,332,0.30433416
0,333,0.30365825
0,334,0.30406594
0,335,0.30377626
0,336,0.3043449
0,337,0.303272
0,338,0.30444145
0,339,0.30310035
0,340,0.30459166
0,341,0.3034866
0,342,0.3044951
0,343,0.30387282
0,344,0.3034973
0,345,0.30444145
0,346,0.3033793
0,347,0.30460238
0,348,0.30377626
0,349,0.30400157
0,350,0.3040123
0,351,0.30369043
0,352,0.3043127
0,353,0.30406594
0,354,0.30414104
0,355,0.303905
0,356,0.30396938
0,357,0.30388355
0,358,0.3040123
0,359,0.30407667
1,0,1.1291027
1,1,1.1180413
1,2,1.1114538
1,3,1.1124516
1,4,1.1108959
1,5,1.1141253
1,6,1.1093616
1,7,1.1090183
1,8,1.1082995
1,9,1.1071515
1,10,1.1091793
1,11,1.1067331
1,12,1.1075056
1,13,1.1079991
1,14,1.1075592
1,15,1.1081278
1,16,1.1079884
1,17,1.1073232
1,18,1.107924
1,19,1.1075807
1,20,1.1089003
1,21,1.1069369
1,22,1.1092007
1,23,1.1062181
1,24,1.1080956
1,25,1.1072159
1,26,1.1079133
1,27,1.1082458
1,28,1.1074412
1,29,1.1083102
1,30,1.1069369
1,31,1.1081922
1,32,1.1080849
1,33,1.1081707
1,34,1.1081064
1,35,1.1071515
1,36,1.1076236
1,37,1.1073661
1,38,1.1081922
1,39,1.1079884
1,40,1.1085248
1,41,1.1067975
1,42,1.1084604
1,43,1.1065507
1,44,1.1086857
1,45,1.107645
1,46,1.1079884
1,47,1.1073554
1,48,1.1073124
1,49,1.1079776
1,50,1.107527
1,51,1.1086857
1,52,1.1075592
1,53,1.107763
1,54,1.1074197
1,55,1.1078703
1,56,1.1078274
1,57,1.1082458
1,58,1.1072588
1,59,1.1080635
1,60,1.1069691
1,61,1.1082137
1,62,1.1077201
1,63,1.1079025
1,64,1.1076987
1,65,1.1076343
1,66,1.1079454
1,67,1.1077523
1,68,1.108321
1,69,1.1074948
1,70,1.1076987
1,71,1.1074626
1,72,1.1077845
1,73,1.1077845
1,74,1.1079669
1,75,1.1077523
1,76,1.1078167
1,77,1.1076128
1,78,1.1080313
1,79,1.1080956
1,80,1.1079669
1,81,1.1078596
1,82,1.1075485
1,83,1.1073339
1,84,1.1081064
1,85,1.1075592
1,86,1.1078811
1,87,1.1078382
1,88,1.1072481
1,89,1.1079669
1,90,1.1075914
1,91,1.1083531
1,92,1.1074197
1,93,1.1081815
1,94,1.1069691
1,95,1.1081922
1,96,1.1072695
1,97,1.1085463
1,98,1.1070013
1,99,1.1083531
1,100,1.107055
1,101,1.1082566
1,102,1.1079669
1,103,1.1076558
1,104,1.1084068
1,105,1.1070228
1,106,1.107806
1,107,1.1076665
1,108,1.1079025
1,109,1.1082995
1,110,1.1072159
1,111,1.1081278
1,112,1.1073124
1,113,1.1082137
1,114,1.1077845
1,115,1.108042
1,116,1.1076343
1,117,1.1074948
1,118,1.1079133
1,119,1.107291
1,120,1.1085892
1,121,1.1069047
1,122,1.1082995
1,123,1.1074519
1,124,1.107924
1,125,1.1081922
1,126,1.1074519
1,127,1.1080635
1,128,1.1073446
1,129,1.1078703
1,130,1.1077738
1,131,1.107806
1,132,1.1077523
1,133,1.1075699
1,134,1.107645
1,135,1.1079669
1,136,1.1076772
1,137,1.1085248
1,138,1.1072052
1,139,1.1084712
1,140,1.1068618
1,141,1.1085784
1,142,1.10713
1,143,1.1081922
1,144,1.1074734
1,145,1.1075056
1,146,1.1079669
1,147,1.1073446
1,148,1.1085784
1,149,1.1073339
1,150,1.1084604
1,151,1.107291
1,152,1.1079776
1,153,1.1076665
1,154,1.1078274
1,155,1.1078596
1,156,1.1075377
1,157,1.1076128
1,158,1.107645
1,159,1.1079133
1,160,1.1078703
1,161,1.1083746
1,162,1.1073446
1,163,1.1081922
1,164,1.1072052
1,165,1.1080205
1,166,1.107763
1,167,1.1077309
1,168,1.1076665
1,169,1.1073446
1,170,1.1079133
1,171,1.107645
1,172,1.10816
1,173,1.1077201
1,174,1.1079991
1,175,1.1073661
1,176,1.1080742
1,177,1.1076987
1,178,1.107924
1,179,1.1080098
1,180,1.1068511
1,181,1.1080205
1,182,1.1074734
1,183,1.1080313
1,184,1.1081815
1,185,1.1074841
1,186,1.1076021
1,187,1.1074305
1,188,1.1081815
1,189,1.1077201
1,190,1.1082995
1,191,1.1073232
1,192,1.1072695
1,193,1.1077201
1,194,1.1077416
1,195,1.1081815
1,196,1.1079133
1,197,1.1077845
1,198,1.1072159
1,199,1.1080742
1,200,1.1077201
1,201,1.10816
1,202,1.1078703
1,203,1.1073554
1,204,1.1073554
1,205,1.1075914
1,206,1.1078382
1,207,1.1082888
1,208,1.1076128
1,209,1.1077201
1,210,1.1076021
1,211,1.1076558
1,212,1.1082995
1,213,1.1076665
1,214,1.1079133
1,215,1.1072588
1,216,1.1075699
1,217,1.107806
1,218,1.1075377
1,219,1.1083639
1,220,1.1075163
1,221,1.1077416
1,222,1.1078918
1,223,1.107806
1,224,1.1083853
1,225,1.1074948
1,226,1.1077738
1,227,1.1071086
1,228,1.107806
1,229,1.1077201
1,230,1.1081493
1,231,1.1074626
1,232,1.1080313
1,233,1.1070013
1,234,1.1084926
1,235,1.1073554
1,236,1.1088574
1,237,1.1069047
1,238,1.1079454
1,239,1.1069798
1,240,1.1078596
1,241,1.1079454
1,242,1.107924
1,243,1.1076665
1,244,1.1074305
1,245,1.1077738
1,246,1.1073875
1,247,1.1087394
1,248,1.1069798
1,249,1.1087716
1,250,1.1060894
1,251,1.1086321
1,252,1.1068511
1,253,1.1086214
1,254,1.1070979
1,255,1.1080205
1,256,1.1071944
1,257,1.1079025
1,258,1.108278
1,259,1.1076665
1,260,1.10816
1,261,1.1070764
1,262,1.1080205
1,263,1.1068833
1,264,1.1086857
1,265,1.1071944
1,266,1.1082566
1,267,1.1070979
1,268,1.1078811
1,269,1.107645
1,270,1.1079454
1,271,1.1078703
1,272,1.107409
1,273,1.1075699
1,274,1.1073339
1,275,1.1079884
1,276,1.1074841
1,277,1.108321
1,278,1.1071408
1,279,1.1080742
1,280,1.1073124
1,281,1.1081922
1,282,1.1078811
1,283,1.1078382
1,284,1.107688
1,285,1.1076021
1,286,1.1075056
1,287,1.1077523
1,288,1.1081064
1,289,1.1072052
1,290,1.1081707
1,291,1.1070871
1,292,1.1081386
1,293,1.107924
1,294,1.1077416
1,295,1.1080849
1,296,1.1072695
1,297,1.1078703
1,298,1.1075377
1,299,1.1081386
1,300,1.1074305
1,301,1.1078703
1,302,1.1070764
1,303,1.1079669
1,304,1.1073768
1,305,1.1084926
1,306,1.107291
1,307,1.10816
1,308,1.1076236
1,309,1.1068511
1,310,1.1093831
1,311,1.1060357
1,312,1.1089218
1,313,1.107055
1,314,1.1074197
1,315,1.1081815
1,316,1.1075056
1,317,1.1081278
1,318,1.1076987
1,319,1.1073446
1,320,1.107924
1,321,1.1075914
1,322,1.1079025
1,323,1.1080956
1,324,1.107173
1,325,1.1084175
1,326,1.10654
1,327,1.1087394
1,328,1.1070764
1,329,1.1085677
1,330,1.1071086
1,331,1.1080849
1,332,1.1073875
1,333,1.1080098
1,334,1.1078167
1,335,1.1075592
1,336,1.1078703
1,337,1.107291
1,338,1.1081278
1,339,1.1076665
1,340,1.1080205
1,341,1.1076343
1,342,1.1075056
1,343,1.1076772
1,344,1.107806
1,345,1.1079025
1,346,1.1080849
1,347,1.1071622
1,348,1.1078274
1,349,1.1074412
1,350,1.1080313
1,351,1.108042
1,352,1.1076987
1,353,1.1078274
1,354,1.1072373
1,355,1.1079884
1,356,1.1078918
1,357,1.1081278
1,358,1.1074305
1,359,1.1075699
2,0,2.136798
2,1,2.1315086
2,2,2.1209943
2,3,2.1147823
2,4,2.1131623
2,5,2.1094823
2,6,2.1116817
2,7,2.1062422
2,8,2.1049654
2,9,2.1030343
2,10,2.0916617
2,11,2.0882714
2,12,2.0864153
2,13,2.0881534
2,14,2.0870483
2,15,2.0842159
2,16,2.086587
2,17,2.084763
2,18,2.0791411
2,19,2.0805788
2,20,2.0770597
2,21,2.0780253
2,22,2.076255
2,23,2.0755363
2,24,2.077124
2,25,2.0749247
2,26,2.0708477
2,27,2.066481
2,28,2.062447
2,29,2.0629191
2,30,2.0628548
2,31,2.0620394
2,32,2.063198
2,33,2.0611918
2,34,2.0622218
2,35,2.0623934
2,36,2.062093
2,37,2.0628333
2,38,2.0617497
2,39,2.0622325
2,40,2.0622432
2,41,2.0621467
2,42,2.0630264
2,43,2.062372
2,44,2.0621574
2,45,2.062211
2,46,2.0618677
2,47,2.062136
2,48,2.062844
2,49,2.0618463
2,50,2.0622861
2,51,2.06205
2,52,2.0618463
2,53,2.0628977
2,54,2.0620286
2,55,2.063005
2,56,2.0617282
2,57,2.0623076
2,58,2.0616424
2,59,2.0628011
2,60,2.061857
2,61,2.062769
2,62,2.0615244
2,63,2.062533
2,64,2.0620286
2,65,2.0625973
2,66,2.0624256
2,67,2.062018
2,68,2.062372
2,69,2.0615888
2,70,2.062372
2,71,2.0622432
2,72,2.0624578
2,73,2.0619857
2,74,2.0617282
2,75,2.0625865
2,76,2.0620394
2,77,2.0629942
2,78,2.0618463
2,79,2.0623398
2,80,2.0621896
2,81,2.0617604
2,82,2.0631444
2,83,2.0611918
2,84,2.063198
2,85,2.0608163
2,86,2.062565
2,87,2.0618463
2,88,2.0626724
2,89,2.062254
2,90,2.0620394
2,91,2.062018
2,92,2.0622003
2,93,2.062254
2,94,2.062447
2,95,2.061696
2,96,2.0621252
2,97,2.061932
2,98,2.061857
2,99,2.063005
2,100,2.0618463
2,101,2.062769
2,102,2.0615888
2,103,2.0621896
2,104,2.0623398
2,105,2.0628762
2,106,2.0619
2,107,2.062211
2,108,2.0615673
2,109,2.0620823
2,110,2.062372
2,111,2.0619965
2,112,2.0629191
2,113,2.0618248
2,114,2.06249
2,115,2.061739
2,116,2.062608
2,117,2.0624042
2,118,2.0621789
2,119,2.0621037
2,120,2.061621
2,121,2.0619857
2,122,2.0622861
2,123,2.0622003
2,124,2.0622969
2,125,2.0626187
2,126,2.0615244
2,127,2.062608
2,128,2.06205
2,129,2.0625114
2,130,2.062372
2,131,2.0617926
2,132,2.0617712
2,133,2.0620716
2,134,2.0624042
2,135,2.0620823
2,136,2.0625865
2,137,2.061696
2,138,2.062565
2,139,2.0619857
2,140,2.0625007
2,141,2.0624793
2,142,2.0622861
2,143,2.0618784
2,144,2.0615888
2,145,2.062565
2,146,2.0623076
2,147,2.0624042
2,148,2.0621467
2,149,2.0616531
2,150,2.0624256
2,151,2.062018
2,152,2.0629513
2,153,2.0616853
2,154,2.0623076
2,155,2.0614922
2,156,2.0619106
2,157,2.0623183
2,158,2.062651
2,159,2.0623398
2,160,2.0619965
2,161,2.0619106
2,162,2.0620072
2,163,2.0627475
2,164,2.0623934
2,165,2.06205
2,166,2.0619428
2,167,2.0616531
2,168,2.0621252
2,169,2.0622325
2,170,2.0624578
2,171,2.06249
2,172,2.0617926
2,173,2.0620394
2,174,2.0621789
2,175,2.062533
2,176,2.0625007
2,177,2.0619106
2,178,2.061739
2,179,2.0619428
2,180,2.061857
2,181,2.062769
2,182,2.0618784
2,183,2.0627153
2,184,2.0615566
2,185,2.0622218
2,186,2.0622218
2,187,2.0625114
2,188,2.0625544
2,189,2.061578
2,190,2.0620394
2,191,2.061739
2,192,2.062254
2,193,2.0624363
2,194,2.0618677
2,195,2.061932
2,196,2.0623934
2,197,2.061857
2,198,2.0632625
2,199,2.0619428
2,200,2.062565
2,201,2.061224
2,202,2.0622325
2,203,2.0620394
2,204,2.062565
2,205,2.0621252
2,206,2.0617712
2,207,2.0619106
2,208,2.0621252
2,209,2.0624578
2,210,2.0622003
2,211,2.062608
2,212,2.061342
2,213,2.0629835
2,214,2.060591
2,215,2.0633054
2,216,2.0613635
2,217,2.0628011
2,218,2.0612347
2,219,2.0625436
2,220,2.0615458
2,221,2.0625973
2,222,2.0619428
2,223,2.061696
2,224,2.0618677
2,225,2.0609987
2,226,2.0623183
2,227,2.0610309
2,228,2.0624363
2,229,2.0607197
2,230,2.06205
2,231,2.0608592
2,232,2.0623612
2,233,2.0615566
2,234,2.062018
2,235,2.0614386
2,236,2.0615888
2,237,2.0616102
2,238,2.0617175
2,239,2.0618463
2,240,2.0613956
2,241,2.0617282
2,242,2.0611382
2,243,2.0621252
2,244,2.0614815
2,245,2.0623827
2,246,2.0615566
2,247,2.0615244
2,248,2.0615137
2,249,2.0614815
2,250,2.0619428
2,251,2.0615351
2,252,2.0616424
2,253,2.0611596
2,254,2.0616853
2,255,2.0612562
2,256,2.0626187
2,257,2.0613205
2,258,2.0619106
2,259,2.0616531
2,260,2.061149
2,261,2.0626187
2,262,2.0609128
2,263,2.0621681
2,264,2.0612454
2,265,2.0613956
2,266,2.0613527
2,267,2.0621574
2,268,2.0610201
2,269,2.062651
2,270,2.0609665
2,271,2.0619106
2,272,2.0619965
2,273,2.0609128
2,274,2.0628762
2,275,2.0599687
2,276,2.0617175
2,277,2.0597649
2,278,2.0610952
2,279,2.0608163
2,280,2.0605052
2,281,2.0610952
2,282,2.0601082
2,283,2.060752
2,284,2.0611274
2,285,2.060709
2,286,2.0610309
2,287,2.0604515
2,288,2.0601833
2,289,2.0611382
2,290,2.060269
2,291,2.0612776
2,292,2.06043
2,293,2.0610309
2,294,2.0597863
2,295,2.0613635
2,296,2.0602906
2,297,2.061224
2,298,2.0606983
2,299,2.0600224
2,300,2.060902
2,301,2.0602262
2,302,2.0613635
2,303,2.0601296
2,304,2.061149
2,305,2.0601296
2,306,2.0609236
2,307,2.060666
2,308,2.06087
2,309,2.0606446
2,310,2.0606446
2,311,2.0600975
2,312,2.060827
2,313,2.0607948
2,314,2.0608377
2,315,2.0607197
2,316,2.0603013
2,317,2.0605803
2,318,2.0609236
2,319,2.0609772
2,320,2.0607412
2,321,2.060666
2,322,2.0601618
2,323,2.060709
2,324,2.0606768
2,325,2.0609343
2,326,2.0606983
2,327,2.0603442
2,328,2.0603764
2,329,2.0607626
2,330,2.0609665
2,331,2.0610952
2,332,2.0603228
2,333,2.0607626
2,334,2.0603228
2,335,2.0610845
2,336,2.060709
2,337,2.06087
2,338,2.0604515
2,339,2.060269
2,340,2.0608377
2,341,2.0606446
2,342,2.0614707
2,343,2.0604193
2,344,2.0609128
2,345,2.0598292
2,346,2.061063
2,347,2.0606983
2,348,2.06087
2,349,2.0608592
2,350,2.060033
2,351,2.0606983
2,352,2.0601618
2,353,2.0613956
2,354,2.060827
2,355,2.0614707
2,356,2.0601833
2,357,2.0605159
2,358,2.060355
2,359,2.0606124
3,0,3.1427228
3,1,3.1393218
3,2,3.1258786
3,3,3.1193662
3,4,3.1193447
3,5,3.1203854
3,6,3.119291
3,7,3.120439
3,8,3.1200206
3,9,3.119377
3,10,3.1194305
3,11,3.1195915
3,12,3.119645
3,13,3.1199777
3,14,3.1197631
3,15,3.1192482
3,16,3.1195807
3,17,3.1196344
3,18,3.12001
3,19,3.119967
3,20,3.120128
3,21,3.1191409
3,22,3.1195486
3,23,3.1196237
3,24,3.1196022
3,25,3.1202781
3,26,3.119098
3,27,3.1197524
3,28,3.1196022
3,29,3.1194842
3,30,3.1203103
3,31,3.1197631
3,32,3.1196344
3,33,3.1195486
3,34,3.1195807
3,35,3.1192482
3,36,3.1203854
3,37,3.1189907
3,38,3.1198168
3,39,3.1195164
3,40,3.1193876
3,41,3.1203854
3,42,3.119452
3,43,3.119688
3,44,3.1198597
3,45,3.1191516
3,46,3.1203532
3,47,3.1193984
3,48,3.1194198
3,49,3.12001
3,50,3.1187117
3,51,3.1202245
3,52,3.119613
3,53,3.1200314
3,54,3.1197524
3,55,3.1192052
3,56,3.1199026
3,57,3.1195056
3,58,3.1197524
3,59,3.1197417
3,60,3.1193447
3,61,3.1193662
3,62,3.1193984
3,63,3.1193662
3,64,3.1204927
3,65,3.1192052
3,66,3.120439
3,67,3.1186473
3,68,3.1201494
3,69,3.1194413
3,70,3.1201494
3,71,3.1191945
3,72,3.1196666
3,73,3.1191194
3,74,3.1197202
3,75,3.1195807
3,76,3.1196344
3,77,3.1202888
3,78,3.1192482
3,79,3.1196558
3,80,3.1195593
3,81,3.1197417
3,82,3.1200314
3,83,3.1192803
3,84,3.119527
3,85,3.1193125
3,86,3.119806
3,87,3.1195807
3,88,3.120128
3,89,3.1194305
3,90,3.1200743
3,91,3.1191623
3,92,3.12001
3,93,3.1196344
3,94,3.1200635
3,95,3.1192374
3,96,3.1193662
3,97,3.1194735
3,98,3.1195593
3,99,3.1201816
3,100,3.1194413
3,101,3.119849
3,102,3.1193984
3,103,3.1199884
3,104,3.119613
3,105,3.120128
3,106,3.1196237
3,107,3.1195807
3,108,3.1193876
3,109,3.1190658
3,110,3.1203103
3,111,3.1197631
3,112,3.1195593
3,113,3.1199133
3,114,3.119216
3,115,3.119924
3,116,3.119495
3,117,3.1203318
3,118,3.119098
3,119,3.1199133
3,120,3.1189048
3,121,3.1193662
3,122,3.1200635
3,123,3.119967
3,124,3.1195378
3,125,3.1195915
3,126,3.1195593
3,127,3.1196558
3,128,3.1200635
3,129,3.1198597
3,130,3.1191623
3,131,3.1197524
3,132,3.1190336
3,133,3.119806
3,134,3.1197524
3,135,3.119967
3,136,3.1196022
3,137,3.1194627
3,138,3.1197846
3,139,3.119849
3,140,3.119967
3,141,3.1195915
3,142,3.1193876
3,143,3.1189907
3,144,3.1201816
3,145,3.1188405
3,146,3.1209111
3,147,3.118379
3,148,3.1196558
3,149,3.1184435
3,150,3.1192052
3,151,3.119495
3,152,3.1191623
3,153,3.1191087
3,154,3.118347
3,155,3.1189048
3,156,3.118894
3,157,3.1193876
3,158,3.1190443
3,159,3.119055
3,160,3.1184971
3,161,3.1196344
3,162,3.1183255
3,163,3.1202781
3,164,3.1184113
3,165,3.11898
3,166,3.1173062
3,167,3.1184971
3,168,3.1173599
3,169,3.1184971
3,170,3.117038
3,171,3.1182396
3,172,3.1163728
3,173,3.1174564
3,174,3.113916
3,175,3.109281
3,176,3.1009662
3,177,3.0984771
3,178,3.1009984
3,179,3.0972648
3,180,3.0960631
3,181,3.0939603
3,182,3.0958593
3,183,3.0932522
3,184,3.0956984
3,185,3.094089
3,186,3.095559
3,187,3.0943036
3,188,3.094958
3,189,3.0939817
3,190,3.0945075
3,191,3.0950224
3,192,3.0943787
3,193,3.0953443
3,194,3.0938315
3,195,3.0949152
3,196,3.093896
3,197,3.0956125
3,198,3.0943787
3,199,3.0952477
3,200,3.094089
3,201,3.0947757
3,202,3.094132
3,203,3.0949152
3,204,3.0946147
3,205,3.0945075
3,206,3.0946898
3,207,3.0942607
3,208,3.0952692
3,209,3.094368
3,210,3.095398
3,211,3.094089
3,212,3.0948508
3,213,3.0943787
3,214,3.0947864
3,215,3.0945075
3,216,3.0947864
3,217,3.0941427
3,218,3.094411
3,219,3.0948508
3,220,3.094604
3,221,3.095237
3,222,3.0942285
3,223,3.0947757
3,224,3.094443
3,225,3.0947113
3,226,3.0948293
3,227,3.094722
3,228,3.0944324
3,229,3.0941963
3,230,3.0950546
3,231,3.0940032
3,232,3.0959344
3,233,3.0941856
3,234,3.094529
3,235,3.0952585
3,236,3.0931664
3,237,3.0961704
3,238,3.0937886
3,239,3.0947864
3,240,3.0947864
3,241,3.0938208
3,242,3.0950546
3,243,3.0944002
3,244,3.094765
3,245,3.0950546
3,246,3.094132
3,247,3.09484
3,248,3.0942822
3,249,3.094647
3,250,3.095076
3,251,3.093896
3,252,3.095355
3,253,3.0935097
3,254,3.095312
3,255,3.0942607
3,256,3.0948293
3,257,3.0948186
3,258,3.0942822
3,259,3.094443
3,260,3.0948615
3,261,3.0944002
3,262,3.0952156
3,263,3.0938208
3,264,3.0945718
3,265,3.0942929
3,266,3.0946684
3,267,3.0950975
3,268,3.0944002
3,269,3.0949044
3,270,3.094132
3,271,3.094765
3,272,3.0947006
3,273,3.0948615
3,274,3.0946684
3,275,3.0941963
3,276,3.0942714
3,277,3.0944324
3,278,3.0949152
3,279,3.094529
3,280,3.0946898
3,281,3.0942607
3,282,3.0948293
3,283,3.0949044
3,284,3.0947006
3,285,3.094722
3,286,3.094207
3,287,3.0942392
3,288,3.0945718
3,289,3.0946684
3,290,3.0948615
3,291,3.0944002
3,292,3.0942607
3,293,3.0944002
3,294,3.0948615
3,295,3.0949795
3,296,3.0949688
3,297,3.0943787
3,298,3.0944753
3,299,3.0943573
3,300,3.0948722
3,301,3.0947006
3,302,3.0946684
3,303,3.0944753
3,304,3.0940568
3,305,3.0947435
3,306,3.094529
3,307,3.0954623
3,308,3.0943787
3,309,3.0949259
3,310,3.0937457
3,311,3.0947113
3,312,3.0944967
3,313,3.094647
3,314,3.0948615
3,315,3.0940783
3,316,3.094647
3,317,3.0941641
3,318,3.0954623
3,319,3.0946255
3,320,3.0951726
3,321,3.0941105
3,322,3.0943894
3,323,3.0941641
3,324,3.0947328
3,325,3.094529
3,326,3.0950332
3,327,3.0937564
3,328,3.0947328
3,329,3.0942607
3,330,3.0951297
3,331,3.0952477
3,332,3.094529
3,333,3.0944002
3,334,3.0940032
3,335,3.0945826
3,336,3.0948293
3,337,3.0945504
3,338,3.0946898
3,339,3.0934775
3,340,3.0949366
3,341,3.094529
3,342,3.095312
3,343,3.094958
3,344,3.0942714
3,345,3.0943787
3,346,3.0941856
3,347,3.094765
3,348,3.0950546
3,349,3.094443
3,350,3.0942929
3,351,3.0946147
3,352,3.0940247
3,353,3.095312
3,354,3.0945075
3,355,3.0951297
3,356,3.0942607
3,357,3.0946255
3,358,3.0945504
3,359,3.094443
4,0,4.1407943
4,1,4.1341105
4,2,4.1240892
4,3,4.1249905
4,4,4.1245294
4,5,4.1252375
4,6,4.12366
4,7,4.125785
4,8,4.1229095
4,9,4.124304
4,10,4.123296
4,11,4.1230273
4,12,4.1242075
4,13,4.1216
4,14,4.1230273
4,15,4.120656
4,16,4.1208067
4,17,4.1194544
4,18,4.1193686
4,19,4.119648
4,20,4.1192827
4,21,4.119723
4,22,4.1198626
4,23,4.119036
4,24,4.1163435
4,25,4.1127167
4,26,4.109434
4,27,4.109509
4,28,4.1102705
4,29,4.1094875
4,30,4.1096163
4,31,4.1097236
4,32,4.1093373
4,33,4.1101313
4,34,4.1092515
4,35,4.1099596
4,36,4.1087046
4,37,4.1098413
4,38,4.1091228
4,39,4.109627
4,40,4.110078
4,41,4.1087475
4,42,4.110078
4,43,4.1088867
4,44,4.1098204
4,45,4.109509
4,46,4.109509
4,47,4.109391
4,48,4.109069
4,49,4.109627
4,50,4.109187
4,51,4.109702
4,52,4.109509
4,53,4.1092515
4,54,4.1093802
4,55,4.109702
4,56,4.1092515
4,57,4.1102705
4,58,4.1088867
4,59,4.109498
4,60,4.109037
4,61,4.109466
4,62,4.109606
4,63,4.1094875
4,64,4.1094875
4,65,4.109069
4,66,4.109745
4,67,4.1093264
4,68,4.1100883
4,69,4.109541
4,70,4.109477
4,71,4.10894
4,72,4.10908
4,73,4.109563
4,74,4.109091
4,75,4.110217
4,76,4.1087794
4,77,4.109412
4,78,4.109509
4,79,4.1093483
4,80,4.110078
4,81,4.109316
4,82,4.1092515
4,83,4.10894
4,84,4.1092834
4,85,4.1092515
4,86,4.109552
4,87,4.109938
4,88,4.108876
4,89,4.1097345
4,90,4.1090155
4,91,4.1102495
4,92,4.10923
4,93,4.109981
4,94,4.108715
4,95,4.109187
4,96,4.1093483
4,97,4.109316
4,98,4.109788
4,99,4.1091976
4,100,4.1093264
4,101,4.1094017
4,102,4.109466
4,103,4.1099167
4,104,4.109702
4,105,4.109144
4,106,4.109187
4,107,4.109434
4,108,4.109187
4,109,4.1100883
4,110,4.10849
4,111,4.110496
4,112,4.107342
4,113,4.10997
4,114,4.1067195
4,115,4.1091976
4,116,4.1073093
4,117,4.107878
4,118,4.107524
4,119,4.10791
4,120,4.1079855
4,121,4.108393
4,122,4.1071167
4,123,4.107932
4,124,4.1077065
4,125,4.1077604
4,126,4.108629
4,127,4.107095
4,128,4.108554
4,129,4.1066017
4,130,4.1086397
4,131,4.1070414
4,132,4.1086617
4,133,4.106977
4,134,4.1077065
4,135,4.1073847
4,136,4.1081786
4,137,4.107814
4,138,4.1082754
4,139,4.107567
4,140,4.107363
4,141,4.10791
4,142,4.10702
4,143,4.1090155
4,144,4.106923
4,145,4.10849
4,146,4.1062794
4,147,4.108522
4,148,4.1068482
4,149,4.1091337
4,150,4.107213
4,151,4.1081247
4,152,4.1073313
4,153,4.1074276
4,154,4.107771
4,155,4.107567
4,156,4.108468
4,157,4.106902
4,158,4.1081247
4,159,4.1066227
4,160,4.108629
4,161,4.107406
4,162,4.1085863
4,163,4.107213
4,164,4.107814
4,165,4.1074276
4,166,4.107814
4,167,4.1078568
4,168,4.1076636
4,169,4.1077604
4,170,4.106923
4,171,4.1082535
4,172,4.1073093
4,173,4.1086617
4,174,4.107213
4,175,4.1081247
4,176,4.107406
4,177,4.107953
4,178,4.1077604
4,179,4.1079426
4,180,4.1073847
4,181,4.107438
4,182,4.107975
4,183,4.1072454
4,184,4.108801
4,185,4.1073093
4,186,4.1080713
4,187,4.107363
4,188,4.1078353
4,189,4.1081467
4,190,4.1077175
4,191,4.107889
4,192,4.1073847
4,193,4.1078353
4,194,4.107213
4,195,4.1083612
4,196,4.107406
4,197,4.108479
4,198,4.1070414
4,199,4.1082215
4,200,4.107481
4,201,4.107492
4,202,4.109069
4,203,4.1059685
4,204,4.1091013
4,205,4.1066446
4,206,4.1070414
4,207,4.109498
4,208,4.105754
4,209,4.109037
4,210,4.1056576
4,211,4.1072454
4,212,4.1070414
4,213,4.1067514
4,214,4.107213
4,215,4.1066227
4,216,4.106473
4,217,4.1076207
4,218,4.1056786
4,219,4.108436
4,220,4.105872
4,221,4.1073847
4,222,4.1067734
4,223,4.1066656
4,224,4.1076207
4,225,4.1062584
4,226,4.107481
4,227,4.10599
4,228,4.106945
4,229,4.1066875
4,230,4.107213
4,231,4.1067085
4,232,4.10702
4,233,4.106376
4,234,4.1071167
4,235,4.106934
4,236,4.10717
4,237,4.106827
4,238,4.106827
4,239,4.106312
4,240,4.10717
4,241,4.1066656
4,242,4.1069555
4,243,4.1067195
4,244,4.106516
4,245,4.107213
4,246,4.1067944
4,247,4.107481
4,248,4.1066017
4,249,4.106923
4,250,4.1066017
4,251,4.106902
4,252,4.107074
4,253,4.1067734
4,254,4.1068482
4,255,4.1063976
4,256,4.1067085
4,257,4.106977
4,258,4.1072664
4,259,4.1072664
4,260,4.1066656
4,261,4.106827
4,262,4.10614
4,263,4.107535
4,264,4.106516
4,265,4.107406
4,266,4.106419
4,267,4.1067944
4,268,4.1062584
4,269,4.107074
4,270,4.10717
4,271,4.1072454
4,272,4.106923
4,273,4.1066766
4,274,4.1066017
4,275,4.1070414
4,276,4.106934
4,277,4.10717
4,278,4.1062584
4,279,4.10688
4,280,4.1063976
4,281,4.107567
4,282,4.1067085
4,283,4.107567
4,284,4.10658
4,285,4.106655
4,286,4.1067624
4,287,4.1071916
4,288,4.1069555
4,289,4.1070414
4,290,4.1066017
4,291,4.1063976
4,292,4.1068053
4,293,4.1073313
4,294,4.1072884
4,295,4.10702
4,296,4.107074
4,297,4.1059685
4,298,4.1072664
4,299,4.106923
4,300,4.107492
4,301,4.106902
4,302,4.1062155
4,303,4.106473
4,304,4.1067514
4,305,4.1073847
4,306,4.1073093
4,307,4.1067624
4,308,4.10658
4,309,4.106516
4,310,4.10688
4,311,4.1072664
4,312,4.1069984
4,313,4.1067944
4,314,4.10614
4,315,4.1066227
4,316,4.1067944
4,317,4.107363
4,318,4.10702
4,319,4.1069984
4,320,4.1067085
4,321,4.1067944
4,322,4.1069555
4,323,4.1069984
4,324,4.106923
4,325,4.1066766
4,326,4.1065264
4,327,4.1063976
4,328,4.1069984
4,329,4.1071916
4,330,4.1072884
4,331,4.1066227
4,332,4.106934
4,333,4.106516
4,334,4.107095
4,335,4.1069984
4,336,4.10688
4,337,4.106548
4,338,4.1063013
4,339,4.1067944
4,340,4.106977
4,341,4.107406
4,342,4.1066446
4,343,4.106923
4,344,4.1062365
4,345,4.107406
4,346,4.1068053
4,347,4.107342
4,348,4.1062794
4,349,4.106698
4,350,4.1063013
4,351,4.107406
4,352,4.106698
4,353,4.1075134
4,354,4.1063547
4,355,4.106859
4,356,4.107095
4,357,4.1066656
4,358,4.107771
4,359,4.1062794
5,0,5.1340485
5,1,5.1339197
5,2,5.1310015
5,3,5.132042
5,4,5.130937
5,5,5.126817
5,6,5.127933
5,7,5.127879
5,8,5.122837
5,9,5.121335
5,10,5.1161203
5,11,5.1160345
5,12,5.1161203
5,13,5.115691
5,14,5.1165605
5,15,5.115316
5,16,5.1164
5,17,5.1160994
5,18,5.1160345
5,19,5.1162815
5,20,5.1160884
5,21,5.1153803
5,22,5.115885
5,23,5.1160455
5,24,5.11582
5,25,5.116185
5,26,5.115756
5,27,5.115423
5,28,5.1161203
5,29,5.116228
5,30,5.115831
5,31,5.1167536
5,32,5.1154017
5,33,5.11567
5,34,5.1156807
5,35,5.1157665
5,36,5.116389
5,37,5.115842
5,38,5.1159706
5,39,5.115155
5,40,5.11611
5,41,5.116335
5,42,5.116024
5,43,5.1166034
5,44,5.115423
5,45,5.1156163
5,46,5.115284
5,47,5.116024
5,48,5.1160455
5,49,5.1160884
5,50,5.11582
5,51,5.1152086
5,52,5.116185
5,53,5.116067
5,54,5.1166034
5,55,5.1159487
5,56,5.115842
5,57,5.1154127
5,58,5.1154017
5,59,5.1159916
5,60,5.115842
5,61,5.116378
5,62,5.1151333
5,63,5.115874
5,64,5.1160884
5,65,5.1161203
5,66,5.1165285
5,67,5.115842
5,68,5.115509
5,69,5.1159167
5,70,5.11582
5,71,5.115799
5,72,5.1160135
5,73,5.1151657
5,74,5.1159916
5,75,5.1154017
5,76,5.116872
5,77,5.11582
5,78,5.115938
5,79,5.1156163
5,80,5.115305
5,81,5.1166034
5,82,5.1155734
5,83,5.116153
5,84,5.115219
5,85,5.115316
5,86,5.11582
5,87,5.1160884
5,88,5.115831
5,89,5.1166677
5,90,5.114726
5,91,5.1165066
5,92,5.1148977
5,93,5.116829
5,94,5.1154556
5,95,5.1160994
5,96,5.1149406
5,97,5.115713
5,98,5.1154876
5,99,5.1164103
5,100,5.11567
5,101,5.116067
5,102,5.115466
5,103,5.115348
5,104,5.116346
5,105,5.115241
5,106,5.1170216
5,107,5.114479
5,108,5.115874
5,109,5.1140714
5,110,5.1162386
5,111,5.1148868
5,112,5.1164856
5,113,5.1146507
5,114,5.1155415
5,115,5.11479
5,116,5.115552
5,117,5.1157665
5,118,5.11523
5,119,5.1154766
5,120,5.1142216
5,121,5.1156163
5,122,5.114801
5,123,5.1162386
5,124,5.1150155
5,125,5.115831
5,126,5.1146183
5,127,5.1155195
5,128,5.1154556
5,129,5.115595
5,130,5.115219
5,131,5.1149187
5,132,5.1150694
5,133,5.1151013
5,134,5.1157665
5,135,5.1151123
5,136,5.11567
5,137,5.114726
5,138,5.115981
5,139,5.1151443
5,140,5.115713
5,141,5.115219
5,142,5.11508
5,143,5.1150584
5,144,5.114994
5,145,5.1155734
5,146,5.1153803
5,147,5.1154556
5,148,5.114812
5,149,5.115831
5,150,5.1147795
5,151,5.116153
5,152,5.1153803
5,153,5.114951
5,154,5.1156807
5,155,5.1144686
5,156,5.1155734
5,157,5.1150155
5,158,5.1159916
5,159,5.1150155
5,160,5.11582
5,161,5.1148868
5,162,5.1154337
5,163,5.1160345
5,164,5.1144257
5,165,5.1164856
5,166,5.1140714
5,167,5.115327
5,168,5.1152086
5,169,5.1151443
5,170,5.1159487
5,171,5.115187
5,172,5.1151657
5,173,5.1151123
5,174,5.115509
5,175,5.1153803
5,176,5.115777
5,177,5.11464
5,178,5.1156163
5,179,5.11405
5,180,5.11626
5,181,5.1144576
5,182,5.116206
5,183,5.1149406
5,184,5.115284
5,185,5.1154766
5,186,5.115241
5,187,5.115713
5,188,5.1150904
5,189,5.1148977
5,190,5.115262
5,191,5.115359
5,192,5.1153803
5,193,5.115552
5,194,5.1145754
5,195,5.1156163
5,196,5.1148868
5,197,5.116067
5,198,5.115348
5,199,5.115466
5,200,5.1150475
5,201,5.114844
5,202,5.1154127
5,203,5.1154017
5,204,5.115241
5,205,5.1150584
5,206,5.1149297
5,207,5.11523
5,208,5.1156273
5,209,5.115552
5,210,5.1156054
5,211,5.1151333
5,212,5.115187
5,213,5.115219
5,214,5.115509
5,215,5.1152086
5,216,5.1151657
5,217,5.1147795
5,218,5.1150694
5,219,5.1155195
5,220,5.1156273
5,221,5.11582
5,222,5.1151657
5,223,5.115155
5,224,5.115187
5,225,5.115262
5,226,5.11582
5,227,5.1151333
5,228,5.1151123
5,229,5.114683
5,230,5.1149726
5,231,5.1154766
5,232,5.115777
5,233,5.1157665
5,234,5.115037
5,235,5.1151443
5,236,5.1150265
5,237,5.1157665
5,238,5.1154556
5,239,5.11523
5,240,5.11508
5,241,5.114393
5,242,5.1155195
5,243,5.115155
5,244,5.1161423
5,245,5.1151657
5,246,5.1154017
5,247,5.1149187
5,248,5.115359
5,249,5.1157665
5,250,5.1154017
5,251,5.115241
5,252,5.1146183
5,253,5.11508
5,254,5.114801
5,255,5.115906
5,256,5.1153803
5,257,5.115799
5,258,5.114479
5,259,5.115777
5,260,5.114747
5,261,5.116206
5,262,5.115273
5,263,5.1150694
5,264,5.1146507
5,265,5.114704
5,266,5.115874
5,267,5.115176
5,268,5.1162815
5,269,5.1146293
5,270,5.1152945
5,271,5.114801
5,272,5.1156273
5,273,5.1155734
5,274,5.1156807
5,275,5.1147795
5,276,5.1146936
5,277,5.114812
5,278,5.1154985
5,279,5.1156273
5,280,5.1155415
5,281,5.115348
5,282,5.1148868
5,283,5.1154127
5,284,5.1150265
5,285,5.1159706
5,286,5.1152945
5,287,5.114801
5,288,5.1150155
5,289,5.114704
5,290,5.1155305
5,291,5.1155305
5,292,5.1154876
5,293,5.115187
5,294,5.115155
5,295,5.1149616
5,296,5.115756
5,297,5.1155195
5,298,5.1151657
5,299,5.1153803
5,300,5.114232
5,301,5.115638
5,302,5.1150584
5,303,5.115874
5,304,5.115123
5,305,5.1154017
5,306,5.1150155
5,307,5.1155195
5,308,5.11582
5,309,5.1148224
5,310,5.1156054
5,311,5.1145325
5,312,5.1154017
5,313,5.115155
5,314,5.1155734
5,315,5.1150584
5,316,5.115595
5,317,5.1145864
5,318,5.1160884
5,319,5.115273
5,320,5.1156163
5,321,5.1153803
5,322,5.114769
5,323,5.115037
5,324,5.115359
5,325,5.1150904
5,326,5.1156054
5,327,5.114908
5,328,5.1150904
5,329,5.1156807
5,330,5.1150694
5,331,5.1160135
5,332,5.115155
5,333,5.1151013
5,334,5.1150584
5,335,5.115305
5,336,5.1150155
5,337,5.115906
5,338,5.114318
5,339,5.1159277
5,340,5.11464
5,341,5.1156807
5,342,5.1154556
5,343,5.1156163
5,344,5.115359
5,345,5.1148653
5,346,5.1151123
5,347,5.115327
5,348,5.1155415
5,349,5.115423
5,350,5.115155
5,351,5.1147795
5,352,5.1156483
5,353,5.114844
5,354,5.1164317
5,355,5.114855
5,356,5.1155195
5,357,5.114672
5,358,5.1152945
5,359,5.1151013
6,0,6.140628
6,1,6.139791
6,2,6.1345124
6,3,6.135435
6,4,6.130457
6,5,6.1227427
6,6,6.1176147
6,7,6.1151147
6,8,6.1165953
6,9,6.1136446
6,10,6.1128616
6,11,6.1137414
6,12,6.110995
6,13,6.112733
6,14,6.111145
6,15,6.1104155
6,16,6.1119604
6,17,6.110469
6,18,6.110952
6,19,6.109997
6,20,6.110812
6,21,6.11048
6,22,6.11092
6,23,6.110405
6,24,6.1102333
6,25,6.1107054
6,26,6.1100507
6,27,6.1110487
6,28,6.1110916
6,29,6.1105013
6,30,6.110791
6,31,6.1101255
6,32,6.110823
6,33,6.1108017
6,34,6.1106086
6,35,6.1098146
6,36,6.110791
6,37,6.1100936
6,38,6.111381
6,39,6.1100936
6,40,6.110963
6,41,6.110158
6,42,6.1102114
6,43,6.110823
6,44,6.110394
6,45,6.111392
6,46,6.1096106
6,47,6.110512
6,48,6.109514
6,49,6.110995
6,50,6.1104584
6,51,6.1107483
6,52,6.1100397
6,53,6.1107802
6,54,6.1096964
6,55,6.111456
6,56,6.1099863
6,57,6.111145
6,58,6.1102114
6,59,6.1099863
6,60,6.1100936
6,61,6.1106405
6,62,6.110276
6,63,6.111349
6,64,6.1096
6,65,6.111349
6,66,6.1094713
6,67,6.111306
6,68,6.1097183
6,69,6.110963
6,70,6.110072
6,71,6.10989
6,72,6.1105976
6,73,6.110008
6,74,6.111306
6,75,6.1099434
6,76,6.1111126
6,77,6.109514
6,78,6.1112413
6,79,6.110008
6,80,6.1110163
6,81,6.109933
6,82,6.1101046
6,83,6.110394
6,84,6.109933
6,85,6.111145
6,86,6.1100507
6,87,6.110834
6,88,6.109686
6,89,6.111059
6,90,6.1100936
6,91,6.1110916
6,92,6.109997
6,93,6.110308
6,94,6.110072
6,95,6.1101794
6,96,6.11063
6,97,6.1102114
6,98,6.1107483
6,99,6.10989
6,100,6.110941
6,101,6.1100936
6,102,6.1111126
6,103,6.110512
6,104,6.110351
6,105,6.1105337
6,106,6.1101255
6,107,6.110587
6,108,6.1102653
6,109,6.1106625
6,110,6.10989
6,111,6.110791
6,112,6.1097717
6,113,6.1110806
6,114,6.110791
6,115,6.109782
6,116,6.1111345
6,117,6.1095037
6,118,6.1106086
6,119,6.1107483
6,120,6.109825
6,121,6.1110916
6,122,6.109997
6,123,6.109793
6,124,6.111435
6,125,6.1096325
6,126,6.1115417
6,127,6.1102114
6,128,6.1100936
6,129,6.1105976
6,130,6.1098576
6,131,6.110909
6,132,6.1100616
6,133,6.110812
6,134,6.109761
6,135,6.110952
6,136,6.10989
6,137,6.1108875
6,138,6.1109304
6,139,6.109847
6,140,6.110909
6,141,6.1095676
6,142,6.110909
6,143,6.11034
6,144,6.1103725
6,145,6.11034
6,146,6.10989
6,147,6.1110487
6,148,6.109997
6,149,6.1112413
6,150,6.1100187
6,151,6.1105227
6,152,6.110426
6,153,6.110297
6,154,6.110866
6,155,6.11034
6,156,6.1098576
6,157,6.1106405
6,158,6.109686
6,159,6.111435
6,160,6.1101255
6,161,6.110963
6,162,6.1100507
6,163,6.11048
6,164,6.110319
6,165,6.1106405
6,166,6.1106834
6,167,6.110297
6,168,6.110115
6,169,6.109976
6,170,6.1104584
6,171,6.110759
6,172,6.1107264
6,173,6.1102543
6,174,6.110394
6,175,6.110308
6,176,6.1105547
6,177,6.1106405
6,178,6.1105013
6,179,6.1102543
6,180,6.110158
6,181,6.1101365
6,182,6.110512
6,183,6.1106944
6,184,6.110394
6,185,6.110394
6,186,6.110244
6,187,6.1105547
6,188,6.110855
6,189,6.110544
6,190,6.110587
6,191,6.109911
6,192,6.110297
6,193,6.110201
6,194,6.110812
6,195,6.1106834
6,196,6.11048
6,197,6.11034
6,198,6.1099434
6,199,6.110866
6,200,6.1105013
6,201,6.1110916
6,202,6.109976
6,203,6.1102653
6,204,6.1099863
6,205,6.110394
6,206,6.110834
6,207,6.110319
6,208,6.110491
6,209,6.110008
6,210,6.1106195
6,211,6.1106195
6,212,6.1110163
6,213,6.11048
6,214,6.1099863
6,215,6.1102333
6,216,6.109997
6,217,6.110855
6,218,6.110351
6,219,6.110791
6,220,6.109954
6,221,6.110963
6,222,6.109879
6,223,6.1116815
6,224,6.1102543
6,225,6.110866
6,226,6.1102114
6,227,6.1096964
6,228,6.1105547
6,229,6.1102223
6,230,6.1110806
6,231,6.109911
6,232,6.1107264
6,233,6.1097183
6,234,6.110952
6,235,6.110394
6,236,6.111274
6,237,6.1101046
6,238,6.110448
6,239,6.109514
6,240,6.110716
6,241,6.1103296
6,242,6.110812
6,243,6.110587
6,244,6.109954
6,245,6.1105227
6,246,6.110469
6,247,6.110941
6,248,6.1106515
6,249,6.110448
6,250,6.109965
6,251,6.110072
6,252,6.1102867
6,253,6.110812
6,254,6.1107054
6,255,6.11034
6,256,6.110319
6,257,6.11034
6,258,6.110587
6,259,6.111027
6,260,6.1106195
6,261,6.110158
6,262,6.1102653
6,263,6.1100936
6,264,6.110319
6,265,6.110866
6,266,6.1102333
6,267,6.1105547
6,268,6.1100936
6,269,6.1105227
6,270,6.110877
6,271,6.110437
6,272,6.1106944
6,273,6.109879
6,274,6.110544
6,275,6.1101475
6,276,6.111027
6,277,6.109976
6,278,6.110866
6,279,6.1096
6,280,6.1110916
6,281,6.110276
6,282,6.1109734
6,283,6.1106195
6,284,6.1099434
6,285,6.1106515
6,286,6.109976
6,287,6.1106834
6,288,6.110673
6,289,6.1102867
6,290,6.1105657
6,291,6.109643
6,292,6.111327
6,293,6.1099863
6,294,6.1114883
6,295,6.109997
6,296,6.1105227
6,297,6.110072
6,298,6.1102867
6,299,6.110812
6,300,6.109847
6,301,6.111006
6,302,6.1095247
6,303,6.111006
6,304,6.1100936
6,305,6.110995
6,306,6.110587
6,307,6.110319
6,308,6.11034
6,309,6.1101904
6,310,6.110791
6,311,6.110351
6,312,6.1106405
6,313,6.1099005
6,314,6.110491
6,315,6.1102867
6,316,6.110995
6,317,6.110587
6,318,6.1106625
6,319,6.109911
6,320,6.1106195
6,321,6.109976
6,322,6.111499
6,323,6.109879
6,324,6.1106405
6,325,6.1097183
6,326,6.1103725
6,327,6.1108446
6,328,6.1101904
6,329,6.111306
6,330,6.1096106
6,331,6.1107483
6,332,6.1100616
6,333,6.1106834
6,334,6.1105657
6,335,6.1102867
6,336,6.110297
6,337,6.1100187
6,338,6.110673
6,339,6.110491
6,340,6.110877
6,341,6.1102223
6,342,6.1106625
6,343,6.1100187
6,344,6.110909
6,345,6.1103296
6,346,6.110791
6,347,6.110072
6,348,6.1102867
6,349,6.1101475
6,350,6.110512
6,351,6.11092
6,352,6.110319
6,353,6.1106195
6,354,6.1101046
6,355,6.1106195
6,356,6.110351
6,357,6.110866
6,358,6.1104155
6,359,6.110158
7,0,7.1443534
7,1,7.138152
7,2,7.1358347
7,3,7.141017
7,4,7.135577
7,5,7.1235824
7,6,7.1193767
7,7,7.115643
7,8,7.1166515
7,9,7.1158895
7,10,7.1131
7,11,7.1170273
7,12,7.1144094
7,13,7.11457
7,14,7.1168017
7,15,7.113626
7,16,7.1152997
7,17,7.1158895
7,18,7.113701
7,19,7.1168985
7,20,7.114602
7,21,7.1150312
7,22,7.1143126
7,23,7.115042
7,24,7.1150312
7,25,7.1155033
7,26,7.1149244
7,27,7.1152678
7,28,7.1143875
7,29,7.1159115
7,30,7.1144953
7,31,7.1156645
7,32,7.1152887
7,33,7.1139264
7,34,7.115697
7,35,7.11368
7,36,7.1158686
7,37,7.1146774
7,38,7.115557
7,39,7.1143236
7,40,7.1159325
7,41,7.11442
7,42,7.116115
7,43,7.114892
7,44,7.1151066
7,45,7.1148386
7,46,7.1144843
7,47,7.1155252
7,48,7.1148815
7,49,7.1155143
7,50,7.114334
7,51,7.115257
7,52,7.1148276
7,53,7.1158147
7,54,7.115117
7,55,7.1152353
7,56,7.114667
7,57,7.1150103
7,58,7.1149564
7,59,7.115214
7,60,7.1151066
7,61,7.1146345
7,62,7.1151066
7,63,7.1148596
7,64,7.1158895
7,65,7.1148386
7,66,7.115654
7,67,7.1147738
7,68,7.1149883
7,69,7.1151066
7,70,7.115042
7,71,7.1151066
7,72,7.1149244
7,73,7.1148276
7,74,7.1146345
7,75,7.115493
7,76,7.1151066
7,77,7.115697
7,78,7.1147738
7,79,7.1152353
7,80,7.1148167
7,81,7.11516
7,82,7.115128
7,83,7.115074
7,84,7.1153536
7,85,7.1142483
7,86,7.1155033
7,87,7.1144953
7,88,7.116169
7,89,7.1151924
7,90,7.115085
7,91,7.1149993
7,92,7.1143017
7,93,7.1161795
7,94,7.113905
7,95,7.1158576
7,96,7.114731
7,97,7.114152
7,98,7.116351
7,99,7.113347
7,100,7.1170807
7,101,7.1145487
7,102,7.115214
7,103,7.1149883
7,104,7.1147738
7,105,7.115407
7,106,7.1149993
7,107,7.1145916
7,108,7.115568
7,109,7.113905
7,110,7.1162653
7,111,7.1143556
7,112,7.115729
7,113,7.1152678
7,114,7.114688
7,115,7.115546
7,116,7.114688
7,117,7.115836
7,118,7.1144304
7,119,7.115042
7,120,7.1144094
7,121,7.11545
7,122,7.115074
7,123,7.115546
7,124,7.114645
7,125,7.1153746
7,126,7.114892
7,127,7.115407
7,128,7.1151495
7,129,7.11545
7,130,7.1147203
7,131,7.114892
7,132,7.1145916
7,133,7.115246
7,134,7.115675
7,135,7.1149454
7,136,7.1153965
7,137,7.114527
7,138,7.1154175
7,139,7.1150312
7,140,7.1153855
7,141,7.1151924
7,142,7.1148596
7,143,7.1148596
7,144,7.114667
7,145,7.1154175
7,146,7.115257
7,147,7.1152353
7,148,7.1148596
7,149,7.114892
7,150,7.1153536
7,151,7.1153746
7,152,7.115589
7,153,7.1145487
7,154,7.1153965
7,155,7.1144304
7,156,7.1156
7,157,7.1149135
7,158,7.1154394
7,159,7.1148705
7,160,7.1148596
7,161,7.115246
7,162,7.115407
7,163,7.115836
7,164,7.115042
7,165,7.1148386
7,166,7.114656
7,167,7.115074
7,168,7.1153746
7,169,7.1150208
7,170,7.115128
7,171,7.1146774
7,172,7.1151495
7,173,7.1148815
7,174,7.115879
7,175,7.1151495
7,176,7.1152678
7,177,7.114667
7,178,7.1148386
7,179,7.115074
7,180,7.1153107
7,181,7.1151924
7,182,7.1147847
7,183,7.1149883
7,184,7.1146345
7,185,7.115643
7,186,7.115096
7,187,7.116126
7,188,7.1146345
7,189,7.1149454
7,190,7.114581
7,191,7.115128
7,192,7.115546
7,193,7.114624
7,194,7.115654
7,195,7.1141195
7,196,7.115761
7,197,7.114667
7,198,7.116083
7,199,7.1147847
7,200,7.115643
7,201,7.1142697
7,202,7.115074
7,203,7.1149454
7,204,7.115407
7,205,7.115139
7,206,7.1148815
7,207,7.1149883
7,208,7.1150103
7,209,7.115568
7,210,7.115203
7,211,7.115654
7,212,7.1144953
7,213,7.1151924
7,214,7.1146345
7,215,7.1152997
7,216,7.115203
7,217,7.1151495
7,218,7.1148596
7,219,7.1146774
7,220,7.1152997
7,221,7.1154175
7,222,7.1157503
7,223,7.1150103
7,224,7.1149883
7,225,7.1145487
7,226,7.115203
7,227,7.1149993
7,228,7.1152887
7,229,7.11471
7,230,7.114602
7,231,7.1149993
7,232,7.115257
7,233,7.1156
7,234,7.115257
7,235,7.1149564
7,236,7.115182
7,237,7.1148815
7,238,7.1153746
7,239,7.115096
7,240,7.1151066
7,241,7.1143665
7,242,7.115225
7,243,7.114645
7,244,7.116169
7,245,7.1148815
7,246,7.1155033
7,247,7.1149135
7,248,7.11457
7,249,7.1154604
7,250,7.115053
7,251,7.1152353
7,252,7.1149244
7,253,7.114742
7,254,7.115117
7,255,7.115096
7,256,7.115718
7,257,7.115214
7,258,7.115203
7,259,7.114742
7,260,7.1152782
7,261,7.1150208
7,262,7.1151924
7,263,7.115364
7,264,7.1140337
7,265,7.115546
7,266,7.1143556
7,267,7.1158466
7,268,7.115171
7,269,7.1152678
7,270,7.1149135
7,271,7.1147738
7,272,7.1154175
7,273,7.1151066
7,274,7.11516
7,275,7.1149993
7,276,7.1144953
7,277,7.1150312
7,278,7.1152353
7,279,7.115182
7,280,7.1159325
7,281,7.114334
7,282,7.115407
7,283,7.1146774
7,284,7.1156216
7,285,7.1152678
7,286,7.1151066
7,287,7.1144094
7,288,7.1149025
7,289,7.115096
7,290,7.1151495
7,291,7.115493
7,292,7.114742
7,293,7.1153316
7,294,7.114806
7,295,7.1155033
7,296,7.115225
7,297,7.1154284
7,298,7.1149135
7,299,7.1146774
7,300,7.115074
7,301,7.114935
7,302,7.1152997
7,303,7.1153965
7,304,7.114806
7,305,7.11516
7,306,7.1152678
7,307,7.1149244
7,308,7.1158686
7,309,7.114892
7,310,7.115096
7,311,7.1147738
7,312,7.1148815
7,313,7.1152353
7,314,7.1152997
7,315,7.11516
7,316,7.1149454
7,317,7.1152678
7,318,7.114892
7,319,7.115557
7,320,7.115042
7,321,7.1152887
7,322,7.114935
7,323,7.114602
7,324,7.1149993
7,325,7.1151066
7,326,7.1157074
7,327,7.1149993
7,328,7.1151495
7,329,7.1149135
7,330,7.1151066
7,331,7.115643
7,332,7.115096
7,333,7.1153316
7,334,7.1144733
7,335,7.114806
7,336,7.115074
7,337,7.115321
7,338,7.1155357
7,339,7.1149673
7,340,7.1149564
7,341,7.1149244
7,342,7.1158147
7,343,7.1152353
7,344,7.1154284
7,345,7.114581
7,346,7.114667
7,347,7.115074
7,348,7.1151495
7,349,7.1153855
7,350,7.114806
7,351,7.1150103
7,352,7.1149883
7,353,7.1152887
7,354,7.115654
7,355,7.115364
7,356,7.1149135
7,357,7.114935
7,358,7.1148167
7,359,7.115321
8,0,8.150257
8,1,8.135923
8,2,8.128499
8,3,8.128767
8,4,8.131009
8,5,8.127179
8,6,8.130301
8,7,8.1285095
8,8,8.128317
8,9,8.1295185
8,10,8.128284
8,11,8.129057
8,12,8.128649
8,13,8.1282625
8,14,8.128499
8,15,8.129454
8,16,8.128231
8,17,8.129969
8,18,8.127995
8,19,8.128949
8,20,8.12866
8,21,8.128799
8,22,8.128767
8,23,8.128853
8,24,8.128359
8,25,8.1285095
8,26,8.12911
8,27,8.1285305
8,28,8.129829
8,29,8.128317
8,30,8.128906
8,31,8.128714
8,32,8.128552
8,33,8.129057
8,34,8.128982
8,35,8.128231
8,36,8.129004
8,37,8.128295
8,38,8.128714
8,39,8.129829
8,40,8.128101
8,41,8.129711
8,42,8.128187
8,43,8.128724
8,44,8.129186
8,45,8.127984
8,46,8.129314
8,47,8.128348
8,48,8.128585
8,49,8.128799
8,50,8.128788
8,51,8.128906
8,52,8.129615
8,53,8.127876
8,54,8.1294
8,55,8.12852
8,56,8.128403
8,57,8.130044
8,58,8.127104
8,59,8.130075
8,60,8.127641
8,61,8.128424
8,62,8.129883
8,63,8.127394
8,64,8.130827
8,65,8.126965
8,66,8.129389
8,67,8.128574
8,68,8.128874
8,69,8.1290455
8,70,8.128156
8,71,8.128692
8,72,8.1287775
8,73,8.12807
8,74,8.12999
8,75,8.128037
8,76,8.129325
8,77,8.128467
8,78,8.128606
8,79,8.129207
8,80,8.128413
8,81,8.129153
8,82,8.127758
8,83,8.129057
8,84,8.128156
8,85,8.129378
8,86,8.128317
8,87,8.128982
8,88,8.1282625
8,89,8.128939
8,90,8.128616
8,91,8.129131
8,92,8.128746
8,93,8.12866
8,94,8.128048
8,95,8.128949
8,96,8.12852
8,97,8.129325
8,98,8.128413
8,99,8.128574
8,100,8.128638
8,101,8.128681
8,102,8.129261
8,103,8.128638
8,104,8.128949
8,105,8.128231
8,106,8.128574
8,107,8.128413
8,108,8.128928
8,109,8.1287775
8,110,8.128499
8,111,8.128585
8,112,8.128574
8,113,8.129131
8,114,8.128853
8,115,8.128853
8,116,8.128638
8,117,8.128348
8,118,8.128992
8,119,8.128403
8,120,8.12911
8,121,8.128113
8,122,8.128638
8,123,8.128348
8,124,8.1290245
8,125,8.12911
8,126,8.128788
8,127,8.128714
8,128,8.128209
8,129,8.129014
8,130,8.128606
8,131,8.129057
8,132,8.128338
8,133,8.128424
8,134,8.128499
8,135,8.1285095
8,136,8.129153
8,137,8.128724
8,138,8.129164
8,139,8.128338
8,140,8.128767
8,141,8.128467
8,142,8.128982
8,143,8.128939
8,144,8.128552
8,145,8.128692
8,146,8.12808
8,147,8.128896
8,148,8.128832
8,149,8.129357
8,150,8.12896
8,151,8.128746
8,152,8.128101
8,153,8.128746
8,154,8.128585
8,155,8.1292925
8,156,8.128467
8,157,8.128391
8,158,8.128424
8,159,8.12837
8,160,8.129217
8,161,8.128874
8,162,8.129121
8,163,8.12866
8,164,8.128209
8,165,8.128799
8,166,8.12866
8,167,8.128853
8,168,8.128692
8,169,8.128145
8,170,8.128606
8,171,8.128638
8,172,8.129196
8,173,8.128939
8,174,8.128832
8,175,8.12866
8,176,8.128284
8,177,8.128982
8,178,8.128692
8,179,8.128746
8,180,8.128606
8,181,8.127941
8,182,8.128746
8,183,8.128788
8,184,8.128949
8,185,8.12911
8,186,8.128391
8,187,8.12866
8,188,8.128681
8,189,8.128832
8,190,8.12882
8,191,8.128896
8,192,8.127866
8,193,8.128616
8,194,8.128199
8,195,8.129207
8,196,8.129078
8,197,8.1285095
8,198,8.1287775
8,199,8.1282625
8,200,8.128971
8,201,8.128649
8,202,8.129153
8,203,8.128231
8,204,8.128982
8,205,8.128156
8,206,8.128918
8,207,8.128885
8,208,8.129143
8,209,8.128338
8,210,8.128992
8,211,8.128123
8,212,8.129239
8,213,8.128606
8,214,8.128949
8,215,8.128242
8,216,8.128616
8,217,8.128359
8,218,8.12925
8,219,8.129004
8,220,8.128616
8,221,8.128939
8,222,8.127962
8,223,8.1291
8,224,8.128799
8,225,8.128671
8,226,8.128842
8,227,8.128231
8,228,8.128348
8,229,8.129175
8,230,8.128187
8,231,8.1297865
8,232,8.128166
8,233,8.128874
8,234,8.128606
8,235,8.128896
8,236,8.128939
8,237,8.128714
8,238,8.128317
8,239,8.128499
8,240,8.128638
8,241,8.128896
8,242,8.128982
8,243,8.128295
8,244,8.128992
8,245,8.128295
8,246,8.129433
8,247,8.128767
8,248,8.129175
8,249,8.128209
8,250,8.128242
8,251,8.128467
8,252,8.128714
8,253,8.128885
8,254,8.1287775
8,255,8.128681
8,256,8.128113
8,257,8.12925
8,258,8.128391
8,259,8.129529
8,260,8.128714
8,261,8.1282625
8,262,8.128714
8,263,8.128231
8,264,8.129153
8,265,8.128692
8,266,8.128735
8,267,8.128445
8,268,8.128896
8,269,8.128445
8,270,8.129411
8,271,8.128499
8,272,8.1291
8,273,8.128209
8,274,8.128681
8,275,8.128338
8,276,8.128992
8,277,8.128714
8,278,8.128542
8,279,8.128832
8,280,8.128295
8,281,8.129131
8,282,8.128552
8,283,8.129164
8,284,8.128403
8,285,8.128788
8,286,8.1282625
8,287,8.128735
8,288,8.129004
8,289,8.1285095
8,290,8.1291
8,291,8.128252
8,292,8.128832
8,293,8.129004
8,294,8.129067
8,295,8.128928
8,296,8.128305
8,297,8.12866
8,298,8.128156
8,299,8.129229
8,300,8.128616
8,301,8.1287565
8,302,8.128445
8,303,8.128467
8,304,8.12896
8,305,8.129067
8,306,8.1294
8,307,8.128156
8,308,8.128714
8,309,8.128187
8,310,8.128735
8,311,8.128832
8,312,8.128671
8,313,8.128574
8,314,8.128252
8,315,8.128885
8,316,8.12882
8,317,8.129282
8,318,8.128928
8,319,8.12852
8,320,8.128445
8,321,8.128649
8,322,8.1287775
8,323,8.128714
8,324,8.128928
8,325,8.127909
8,326,8.129421
8,327,8.12808
8,328,8.129615
8,329,8.128692
8,330,8.128746
8,331,8.128788
8,332,8.12808
8,333,8.129207
8,334,8.128317
8,335,8.129239
8,336,8.128113
8,337,8.128692
8,338,8.128552
8,339,8.12896
8,340,8.128906
8,341,8.129153
8,342,8.128317
8,343,8.128896
8,344,8.128123
8,345,8.129014
8,346,8.128896
8,347,8.128616
8,348,8.1285095
8,349,8.128499
8,350,8.128317
8,351,8.12984
8,352,8.1282625
8,353,8.129722
8,354,8.127802
8,355,8.128896
8,356,8.128424
8,357,8.128885
8,358,8.129121
8,359,8.12807
9,0,9.146891
9,1,9.135432
9,2,9.122343
9,3,9.117483
9,4,9.11244
9,5,9.112977
9,6,9.112354
9,7,9.113063
9,8,9.112579
9,9,9.112569
9,10,9.112108
9,11,9.112419
9,12,9.112569
9,13,9.111947
9,14,9.113664
9,15,9.111518
9,16,9.113374
9,17,9.111549
9,18,9.111861
9,19,9.112366
9,20,9.110048
9,21,9.112054
9,22,9.10935
9,23,9.111357
9,24,9.110766
9,25,9.110681
9,26,9.110907
9,27,9.111013
9,28,9.110316
9,29,9.111464
9,30,9.110595
9,31,9.111271
9,32,9.111099
9,33,9.109983
9,34,9.111303
9,35,9.109951
9,36,9.111464
9,37,9.110198
9,38,9.111034
9,39,9.110488
9,40,9.110863
9,41,9.11112
9,42,9.11066
9,43,9.111314
9,44,9.11038
9,45,9.110691
9,46,9.110584
9,47,9.111099
9,48,9.110509
9,49,9.111228
9,50,9.11009
9,51,9.111164
9,52,9.110584
9,53,9.111228
9,54,9.110863
9,55,9.110831
9,56,9.110541
9,57,9.110681
9,58,9.110756
9,59,9.110907
9,60,9.110863
9,61,9.110584
9,62,9.110466
9,63,9.110563
9,64,9.111271
9,65,9.110852
9,66,9.111346
9,67,9.11037
9,68,9.110756
9,69,9.110552
9,70,9.1109705
9,71,9.110831
9,72,9.110713
9,73,9.110574
9,74,9.110477
9,75,9.111067
9,76,9.110852
9,77,9.1112385
9,78,9.110713
9,79,9.110519
9,80,9.110917
9,81,9.11067
9,82,9.11125
9,83,9.110423
9,84,9.110681
9,85,9.110155
9,86,9.110992
9,87,9.111034
9,88,9.111056
9,89,9.111056
9,90,9.110284
9,91,9.110981
9,92,9.1107025
9,93,9.111647
9,94,9.110488
9,95,9.110949
9,96,9.109962
9,97,9.1104555
9,98,9.111067
9,99,9.110907
9,100,9.111271
9,101,9.110584
9,102,9.110885
9,103,9.110445
9,104,9.11111
9,105,9.111024
9,106,9.111099
9,107,9.110713
9,108,9.11008
9,109,9.11067
9,110,9.110519
9,111,9.111549
9,112,9.110917
9,113,9.111378
9,114,9.109822
9,115,9.11112
9,116,9.110155
9,117,9.111464
9,118,9.110885
9,119,9.110713
9,120,9.11037
9,121,9.110348
9,122,9.111153
9,123,9.110831
9,124,9.111679
9,125,9.110359
9,126,9.110917
9,127,9.110402
9,128,9.111013
9,129,9.110907
9,130,9.111046
9,131,9.110188
9,132,9.110831
9,133,9.11009
9,134,9.11141
9,135,9.111067
9,136,9.110799
9,137,9.110766
9,138,9.110638
9,139,9.11112
9,140,9.111099
9,141,9.111013
9,142,9.110498
9,143,9.110509
9,144,9.11037
9,145,9.11096
9,146,9.111013
9,147,9.111067
9,148,9.110713
9,149,9.110777
9,150,9.110681
9,151,9.111196
9,152,9.111099
9,153,9.1107025
9,154,9.110713
9,155,9.110284
9,156,9.1104555
9,157,9.111013
9,158,9.110766
9,159,9.110928
9,160,9.110766
9,161,9.110359
9,162,9.111175
9,163,9.110766
9,164,9.111271
9,165,9.110434
9,166,9.110863
9,167,9.110434
9,168,9.110799
9,169,9.110821
9,170,9.110788
9,171,9.111067
9,172,9.110498
9,173,9.110766
9,174,9.110852
9,175,9.110777
9,176,9.110874
9,177,9.110777
9,178,9.11037
9,179,9.111067
9,180,9.110392
9,181,9.111657
9,182,9.110337
9,183,9.111303
9,184,9.11009
9,185,9.1112385
9,186,9.110713
9,187,9.111067
9,188,9.1109705
9,189,9.1102085
9,190,9.110928
9,191,9.11038
9,192,9.111078
9,193,9.110907
9,194,9.110617
9,195,9.11112
9,196,9.1104555
9,197,9.111196
9,198,9.110777
9,199,9.111034
9,200,9.110584
9,201,9.110605
9,202,9.110691
9,203,9.111024
9,204,9.111078
9,205,9.110466
9,206,9.110821
9,207,9.110337
9,208,9.111292
9,209,9.11096
9,210,9.111153
9,211,9.110595
9,212,9.11067
9,213,9.110316
9,214,9.111078
9,215,9.110713
9,216,9.111099
9,217,9.110327
9,218,9.110584
9,219,9.110788
9,220,9.110852
9,221,9.111464
9,222,9.110552
9,223,9.111034
9,224,9.110392
9,225,9.110745
9,226,9.110863
9,227,9.110885
9,228,9.110874
9,229,9.110519
9,230,9.110605
9,231,9.110691
9,232,9.111228
9,233,9.110799
9,234,9.111175
9,235,9.110306
9,236,9.111046
9,237,9.110359
9,238,9.111164
9,239,9.110617
9,240,9.110917
9,241,9.110681
9,242,9.110327
9,243,9.111228
9,244,9.110563
9,245,9.111496
9,246,9.110509
9,247,9.110981
9,248,9.110327
9,249,9.111046
9,250,9.110627
9,251,9.110874
9,252,9.110938
9,253,9.110155
9,254,9.111175
9,255,9.110617
9,256,9.111228
9,257,9.111067
9,258,9.110552
9,259,9.110574
9,260,9.110627
9,261,9.110992
9,262,9.110745
9,263,9.111003
9,264,9.110284
9,265,9.110423
9,266,9.111078
9,267,9.111013
9,268,9.111389
9,269,9.110605
9,270,9.110852
9,271,9.110188
9,272,9.111336
9,273,9.110563
9,274,9.111013
9,275,9.110445
9,276,9.110337
9,277,9.110605
9,278,9.110992
9,279,9.111196
9,280,9.111078
9,281,9.110713
9,282,9.110617
9,283,9.110713
9,284,9.110691
9,285,9.111142
9,286,9.110713
9,287,9.110519
9,288,9.110531
9,289,9.110423
9,290,9.11141
9,291,9.11067
9,292,9.11141
9,293,9.110477
9,294,9.110477
9,295,9.111175
9,296,9.110241
9,297,9.111518
9,298,9.109951
9,299,9.110863
9,300,9.11008
9,301,9.110938
9,302,9.110938
9,303,9.111013
9,304,9.110584
9,305,9.110745
9,306,9.110413
9,307,9.111314
9,308,9.11067
9,309,9.110907
9,310,9.110938
9,311,9.109769
9,312,9.111775
9,313,9.109801
9,314,9.111915
9,315,9.110445
9,316,9.1107235
9,317,9.110863
9,318,9.110176
9,319,9.111657
9,320,9.110337
9,321,9.110809
9,322,9.110574
9,323,9.110251
9,324,9.111024
9,325,9.110992
9,326,9.110745
9,327,9.111175
9,328,9.110316
9,329,9.110745
9,330,9.1109705
9,331,9.110638
9,332,9.111206
9,333,9.11008
9,334,9.110713
9,335,9.1104555
9,336,9.110766
9,337,9.111034
9,338,9.110745
9,339,9.110531
9,340,9.110691
9,341,9.110595
9,342,9.111185
9,343,9.1109705
9,344,9.110519
9,345,9.110477
9,346,9.110145
9,347,9.110831
9,348,9.110907
9,349,9.110928
9,350,9.110831
9,351,9.110531
9,352,9.110552
9,353,9.110766
9,354,9.111078
9,355,9.111056
9,356,9.110681
9,357,9.110584
9,358,9.110498
9,359,9.110745
